Tracking ID,Destination,Weight,Shipping Time,Delivery Status,Timestamp,Origin
FDX00000,Chicago,11.201863326582833,95.1456324937389,3,2023-12-17 04:03:06.985151,San Francisco
FDX00001,San Antonio,14.44619264426218,25.2076434787312,3,2024-01-14 04:03:06.985221,Miami
FDX00002,Chicago,12.253885833397055,81.09914350286672,2,2024-01-08 04:03:06.985234,Atlanta
FDX00003,Los Angeles,11.12522206843949,109.05244691292584,1,2023-12-24 04:03:06.985242,Boston
FDX00004,Dallas,8.761268587108642,29.27705184289087,2,2023-12-11 04:03:06.985249,Detroit
FDX00005,Philadelphia,13.094935204799794,129.54257796284762,3,2023-12-16 04:03:06.985257,San Francisco
FDX00006,Dallas,9.032950619622504,86.40976999628077,1,2024-01-17 04:03:06.985264,New Orleans
FDX00007,Dallas,17.889573515250557,27.67932579908615,2,2023-12-12 04:03:06.985270,Las Vegas
FDX00008,Phoenix,19.29142382977007,50.92963343050082,0,2023-12-26 04:03:06.985278,Las Vegas
FDX00009,Philadelphia,7.977109617102665,138.44108357127755,2,2024-01-24 04:03:06.985286,Denver
FDX00010,San Diego,15.93863824261196,93.87836796624664,1,2024-01-09 04:03:06.985294,Seattle
FDX00011,San Diego,10.813450935181637,36.89670813225655,3,2023-12-29 04:03:06.985301,San Francisco
FDX00012,San Jose,11.57686894133168,58.50534027366738,2,2023-12-26 04:03:06.985307,Boston
FDX00013,Chicago,18.54913444670689,78.8044351032581,1,2024-01-06 04:03:06.985314,Denver
FDX00014,Houston,1.8852031348587954,26.514008312127658,1,2024-01-10 04:03:06.985321,Detroit
FDX00015,Dallas,2.1990213441800437,73.39386163365106,1,2024-01-08 04:03:06.997355,Miami
FDX00016,San Jose,0.8942587500863515,82.73503625216378,3,2023-12-13 04:03:06.997375,Miami
FDX00017,San Jose,16.73608698818479,53.24134503374786,2,2023-12-02 04:03:06.997384,Minneapolis
FDX00018,Philadelphia,15.674056643522084,94.63668003503838,3,2024-01-23 04:03:06.997392,Seattle
FDX00019,San Diego,17.465236890812974,114.38881435106123,1,2024-01-25 04:03:06.997400,Miami
FDX00020,San Antonio,19.5830576735389,52.300106892676254,3,2024-01-20 04:03:06.997407,San Francisco
FDX00021,Dallas,16.083592002226112,98.45998803359852,0,2024-01-05 04:03:06.997416,New Orleans
FDX00022,Philadelphia,9.498847563932172,100.754669155649,3,2023-12-13 04:03:06.997423,Detroit
FDX00023,Los Angeles,15.720318937585882,137.82483613546094,2,2023-12-28 04:03:06.997430,Las Vegas
FDX00024,Philadelphia,2.8063513044441977,117.39314007557326,3,2024-01-19 04:03:06.997437,New Orleans
FDX00025,Philadelphia,12.978459915886715,125.80143237480073,3,2024-01-03 04:03:06.997450,Minneapolis
FDX00026,Chicago,3.295389104476405,82.85038901235302,0,2024-01-02 04:03:06.997458,Miami
FDX00027,Houston,18.921043882466886,46.24183043752594,0,2024-01-13 04:03:06.997465,Miami
FDX00028,Chicago,10.676042274126397,143.4978351551562,1,2023-12-26 04:03:06.997472,Seattle
FDX00029,Chicago,8.58590782981521,39.52269132464396,3,2024-01-07 04:03:06.997479,Atlanta
FDX00030,Chicago,5.658834436040226,80.57487832251184,1,2024-01-01 04:03:06.997486,Boston
FDX00031,Dallas,15.597556943967225,32.17117190905279,3,2024-01-01 04:03:06.997493,Atlanta
FDX00032,San Diego,9.394931478222697,137.26210288209836,0,2023-12-11 04:03:06.997500,Miami
FDX00033,San Diego,11.584462002938645,139.79099290181276,0,2024-01-15 04:03:06.997507,Detroit
FDX00034,San Jose,0.8664011085089253,110.32668744047683,2,2023-12-23 04:03:06.997514,Boston
FDX00035,San Jose,12.543892192979603,65.99914123562027,3,2024-01-04 04:03:06.997521,Minneapolis
FDX00036,New York,12.435866593087217,54.52588813411492,1,2024-01-24 04:03:06.997528,Atlanta
FDX00037,San Diego,12.53021293905776,55.83639894444569,0,2024-01-27 04:03:06.997535,San Francisco
FDX00038,New York,18.903087531035172,39.275283050408966,2,2023-12-25 04:03:06.997542,Minneapolis
FDX00039,Dallas,13.795495832517926,87.09707436920675,1,2024-01-18 04:03:06.997549,Denver
FDX00040,Philadelphia,7.510404061188828,41.0180730841773,3,2023-12-09 04:03:06.997556,Minneapolis
FDX00041,San Jose,9.022123099087159,62.00767998641475,3,2024-01-16 04:03:06.997563,Detroit
FDX00042,San Jose,14.103808320581665,99.20477711509258,0,2023-12-25 04:03:06.997569,Boston
FDX00043,Philadelphia,1.6743966967707617,111.30523315088998,2,2023-12-04 04:03:06.997579,San Francisco
FDX00044,Los Angeles,13.50195095119052,26.912724554647347,2,2023-12-29 04:03:06.998987,Atlanta
FDX00045,Phoenix,13.57743845755411,75.61391812520878,2,2023-12-30 04:03:06.999000,Denver
FDX00046,Houston,4.602459940939897,102.25495138105669,2,2024-01-24 04:03:06.999008,Boston
FDX00047,San Antonio,3.0140628042696394,126.38951713902154,3,2023-12-31 04:03:06.999016,Detroit
FDX00048,Philadelphia,6.650852843021585,81.03897386544989,0,2024-01-02 04:03:06.999023,Las Vegas
FDX00049,San Diego,7.592360033381141,140.30470460612224,3,2023-12-03 04:03:06.999030,Seattle
FDX00050,San Antonio,11.618837023148654,55.875905704973675,0,2023-12-07 04:03:06.999037,Boston
FDX00051,Chicago,9.052729512515247,25.621044795206267,1,2024-01-28 04:03:06.999044,Miami
FDX00052,New York,19.77328984215491,82.05034376420835,0,2023-12-20 04:03:06.999051,Miami
FDX00053,Phoenix,2.4898738095865474,54.73365540240216,2,2024-01-03 04:03:06.999058,Las Vegas
FDX00054,Chicago,4.573096743849277,122.84612064278032,2,2024-01-01 04:03:06.999065,Las Vegas
FDX00055,San Jose,3.645535598757427,51.93272066173345,2,2023-12-21 04:03:06.999072,Las Vegas
FDX00056,Chicago,13.23561234657527,61.275506194956755,1,2023-12-21 04:03:06.999079,Denver
FDX00057,Chicago,5.4391862495257515,118.94729172229347,3,2023-12-27 04:03:06.999086,Las Vegas
FDX00058,San Jose,9.593060070697973,109.8171902430432,3,2023-12-19 04:03:06.999093,Seattle
FDX00059,Los Angeles,5.266299044031253,90.9661483988715,3,2023-12-13 04:03:06.999101,San Francisco
FDX00060,Houston,3.5999068810876347,108.59376743073113,3,2023-12-15 04:03:06.999109,New Orleans
FDX00061,San Diego,2.65231525270395,74.23642362840317,2,2023-12-28 04:03:06.999116,Detroit
FDX00062,San Diego,13.298426994572832,24.637205713760135,2,2023-12-03 04:03:06.999123,Atlanta
FDX00063,Phoenix,3.194567551297969,25.362615421463108,1,2024-01-25 04:03:06.999130,New Orleans
FDX00064,Los Angeles,4.333356052761044,85.34661450884239,3,2023-12-06 04:03:06.999136,Boston
FDX00065,Philadelphia,7.6901408278888,33.99491756627991,3,2024-01-29 04:03:06.999144,San Francisco
FDX00066,Philadelphia,16.509367982034735,30.129057620310814,1,2024-01-18 04:03:06.999151,San Francisco
FDX00067,Phoenix,2.393474877964695,139.86199669649682,1,2023-12-09 04:03:06.999158,Minneapolis
FDX00068,Chicago,16.839925696226675,127.08031675896703,0,2023-12-25 04:03:06.999165,New Orleans
FDX00069,San Jose,2.3739189539322796,42.24326726514834,1,2024-01-25 04:03:06.999172,Miami
FDX00070,San Antonio,19.540959567761217,24.079706230824538,2,2024-01-03 04:03:06.999179,New Orleans
FDX00071,Philadelphia,9.63869843213018,137.00013544677077,2,2024-01-14 04:03:06.999192,Atlanta
FDX00072,San Jose,19.546841219711574,57.39903579841372,2,2023-12-11 04:03:06.999200,Atlanta
FDX00073,San Antonio,12.294487635028396,46.3077123426597,0,2024-01-01 04:03:06.999208,Detroit
FDX00074,Phoenix,14.915639798266882,106.98097293978424,3,2023-12-18 04:03:06.999215,Las Vegas
FDX00075,Philadelphia,1.264161948959253,37.06844866095915,2,2024-01-13 04:03:06.999222,San Francisco
FDX00076,San Antonio,6.014735770239987,55.757951760336034,2,2023-12-08 04:03:06.999243,Detroit
FDX00077,San Jose,2.8438329436567935,141.01136162544557,1,2024-01-23 04:03:06.999250,Atlanta
FDX00078,Houston,6.274733851681826,100.73553293688123,2,2023-12-04 04:03:06.999257,San Francisco
FDX00079,Chicago,2.815190519607759,86.48133497790643,1,2023-12-29 04:03:06.999264,Denver
FDX00080,Chicago,6.700671998182532,71.75023378019253,1,2024-01-27 04:03:06.999271,Miami
FDX00081,San Jose,8.578128393036064,116.94011458610424,1,2024-01-12 04:03:06.999278,Seattle
FDX00082,Phoenix,1.750876178801295,40.91489718284325,0,2023-12-10 04:03:06.999285,Denver
FDX00083,Houston,14.003206327715388,140.08053624443787,3,2024-01-28 04:03:06.999291,New Orleans
FDX00084,San Jose,11.548728357028216,127.3347609678944,2,2023-12-28 04:03:06.999298,Atlanta
FDX00085,Chicago,5.675095073319186,98.11883790830919,1,2023-12-27 04:03:06.999305,Denver
FDX00086,Phoenix,10.703337042600644,29.14874284830698,1,2023-12-22 04:03:06.999313,Denver
FDX00087,New York,2.3318399597896127,108.10267793372853,2,2024-01-25 04:03:06.999320,Atlanta
FDX00088,San Diego,11.730956663345495,133.5941209062577,1,2023-12-30 04:03:06.999327,Seattle
FDX00089,Los Angeles,18.621275852736176,86.94924809743512,0,2024-01-25 04:03:06.999335,Atlanta
FDX00090,Los Angeles,6.712094572800812,66.50697861927154,1,2024-01-14 04:03:06.999342,Minneapolis
FDX00091,Phoenix,13.514502409291794,38.433281397536355,1,2024-01-08 04:03:06.999348,Miami
FDX00092,Houston,3.0700583168856475,114.5881324965082,2,2023-12-03 04:03:06.999355,Denver
FDX00093,Houston,14.468380480312028,130.20262214541674,3,2023-12-09 04:03:06.999362,Atlanta
FDX00094,Dallas,6.143418812470421,36.03020928910183,2,2023-12-22 04:03:06.999371,New Orleans
FDX00095,San Diego,4.072231559138778,115.07814657028104,1,2024-01-19 04:03:06.999377,Miami
FDX00096,New York,11.937002228796622,26.0472583510917,0,2024-01-13 04:03:06.999384,Las Vegas
FDX00097,Los Angeles,0.8920971506561243,140.04659016926635,2,2024-01-27 04:03:06.999391,Las Vegas
FDX00098,San Jose,16.66433056973858,97.80696247621154,1,2023-12-14 04:03:06.999398,New Orleans
FDX00099,Phoenix,0.5915617857546678,90.29268707899598,2,2023-12-14 04:03:06.999405,Atlanta
FDX00100,San Diego,13.717422467526488,59.513980030671334,2,2023-12-14 04:03:06.999412,Atlanta
FDX00101,Houston,5.765155477247214,135.515000588374,2,2023-12-28 04:03:06.999419,Minneapolis
FDX00102,San Jose,14.8362834313906,55.908675280414926,2,2023-12-21 04:03:06.999426,Denver
FDX00103,Houston,19.262676629790047,123.37759358600339,2,2024-01-06 04:03:06.999436,Boston
FDX00104,Los Angeles,5.350686298639181,142.21304152045582,0,2024-01-28 04:03:06.999443,Seattle
FDX00105,New York,11.73506802114782,118.0075974617767,2,2023-12-24 04:03:06.999450,New Orleans
FDX00106,Philadelphia,12.044817659800861,86.27879044637181,3,2024-01-04 04:03:06.999456,Atlanta
FDX00107,Philadelphia,11.65891216292203,31.92891166220063,3,2024-01-21 04:03:06.999464,Minneapolis
FDX00108,Phoenix,4.850091836492057,80.68965470052876,0,2023-12-13 04:03:06.999471,Minneapolis
FDX00109,Chicago,19.07860572458121,76.59071363660442,2,2024-01-02 04:03:06.999478,Las Vegas
FDX00110,Los Angeles,9.218944883043733,48.33552494243943,0,2024-01-29 04:03:06.999485,Las Vegas
FDX00111,Chicago,17.00496911318699,74.83051640571654,1,2023-12-25 04:03:06.999492,Boston
FDX00112,Chicago,14.139845868691333,66.93094608964064,3,2024-01-03 04:03:06.999499,Denver
FDX00113,San Diego,6.3000205416751065,43.642111338197815,0,2023-12-13 04:03:06.999506,San Francisco
FDX00114,Philadelphia,16.369057484198308,76.96489719989833,1,2023-12-08 04:03:06.999513,Atlanta
FDX00115,Houston,8.2318619465162,55.535994758938685,2,2023-12-18 04:03:06.999519,San Francisco
FDX00116,Dallas,17.681512343667652,86.64749048187173,3,2024-01-07 04:03:06.999526,New Orleans
FDX00117,New York,11.834821016399244,28.219207165943303,0,2023-12-29 04:03:06.999533,San Francisco
FDX00118,Phoenix,17.69383955616963,132.7477703744741,3,2024-01-28 04:03:06.999540,New Orleans
FDX00119,San Antonio,14.004366006516435,121.96371666238272,2,2023-12-31 04:03:06.999547,Miami
FDX00120,New York,14.64245845648299,90.30975990126055,1,2024-01-26 04:03:06.999554,Atlanta
FDX00121,San Diego,10.275825447570694,126.21702993086917,2,2024-01-26 04:03:06.999562,San Francisco
FDX00122,Philadelphia,19.143630877102865,139.48740885729606,2,2023-12-26 04:03:06.999569,Atlanta
FDX00123,San Diego,13.057808884977929,37.262675286319265,1,2023-12-08 04:03:06.999575,New Orleans
FDX00124,San Diego,8.765173446884504,99.69981700917646,0,2023-12-24 04:03:06.999582,Boston
FDX00125,Los Angeles,12.324667675494524,143.75928011227904,3,2023-12-18 04:03:06.999589,San Francisco
FDX00126,Houston,0.8742673670320038,142.54670032002315,3,2023-12-14 04:03:06.999596,San Francisco
FDX00127,San Antonio,6.380708925153712,96.39875907488936,3,2024-01-09 04:03:06.999604,Minneapolis
FDX00128,Chicago,13.373383981107358,39.362504454098,2,2023-12-19 04:03:06.999612,Detroit
FDX00129,Houston,6.156513340603659,93.98313971886338,1,2024-01-24 04:03:06.999619,Denver
FDX00130,Los Angeles,12.55130086547741,24.247756268930605,0,2024-01-05 04:03:06.999626,Atlanta
FDX00131,San Diego,8.86098966844244,47.869360160023156,2,2024-01-10 04:03:06.999633,Minneapolis
FDX00132,San Antonio,3.1417442523377797,138.73477914719518,2,2023-12-06 04:03:06.999640,San Francisco
FDX00133,Houston,6.3165053561426,63.65286871234127,1,2023-12-23 04:03:06.999646,New Orleans
FDX00134,New York,11.614315758674666,100.60681269323382,0,2024-01-26 04:03:06.999653,Boston
FDX00135,Dallas,12.022018844339378,57.703139355869126,1,2024-01-10 04:03:06.999660,Miami
FDX00136,Chicago,11.699342352566786,137.73862645339074,2,2024-01-06 04:03:06.999667,Seattle
FDX00137,Philadelphia,13.237415987214106,111.42704759393841,1,2023-12-12 04:03:06.999676,Atlanta
FDX00138,San Antonio,13.216013765032933,63.55813890976951,1,2023-12-30 04:03:06.999683,Seattle
FDX00139,Dallas,8.912659490962492,119.0113705416445,2,2023-12-30 04:03:06.999690,Boston
FDX00140,Phoenix,17.98265861909573,36.97986293716052,1,2024-01-04 04:03:06.999697,Seattle
FDX00141,San Diego,7.667456465933983,71.07827280785513,0,2024-01-22 04:03:06.999704,Miami
FDX00142,Chicago,8.999366042679723,50.546175327791076,0,2023-12-18 04:03:06.999710,Boston
FDX00143,Dallas,17.892505422805606,106.04717367312556,1,2024-01-17 04:03:06.999717,San Francisco
FDX00144,San Diego,16.220782786398672,36.29355381263164,1,2024-01-25 04:03:06.999724,New Orleans
FDX00145,Houston,14.225827379037144,71.64309987392089,3,2023-12-12 04:03:06.999732,Las Vegas
FDX00146,San Diego,2.4544243025898718,57.19796762510275,3,2024-01-02 04:03:06.999739,Denver
FDX00147,San Jose,18.429910968021133,84.7611503188565,0,2024-01-17 04:03:06.999746,Minneapolis
FDX00148,Philadelphia,14.427705341207673,65.98772166046547,3,2023-12-13 04:03:06.999753,Denver
FDX00149,San Jose,19.977516628073396,108.76926932004132,0,2024-01-19 04:03:06.999760,New Orleans
FDX00150,Dallas,3.414241940830878,26.949242916835928,1,2023-12-17 04:03:06.999767,Detroit
FDX00151,Dallas,17.42845811868018,100.0784305567089,1,2023-12-07 04:03:06.999774,New Orleans
FDX00152,Phoenix,3.668612226189309,51.6685547632584,0,2023-12-14 04:03:06.999781,Minneapolis
FDX00153,Chicago,12.503411503534961,56.245083450821916,1,2024-01-19 04:03:06.999788,San Francisco
FDX00154,San Antonio,2.9144896655641093,120.03067243002283,1,2023-12-09 04:03:06.999796,Boston
FDX00155,San Antonio,17.03616047178357,138.66820727765048,1,2023-12-17 04:03:06.999803,Las Vegas
FDX00156,Chicago,16.24271969513771,61.98602520325039,0,2024-01-23 04:03:06.999810,New Orleans
FDX00157,Dallas,11.597464402984569,123.21663244428909,0,2024-01-22 04:03:06.999816,Las Vegas
FDX00158,New York,8.440074295906992,36.47890055654797,1,2024-01-29 04:03:06.999823,Atlanta
FDX00159,San Antonio,1.848756411375192,100.07779836088598,3,2023-12-09 04:03:06.999830,Denver
FDX00160,Phoenix,14.09986107631899,114.12387594419026,1,2023-12-26 04:03:06.999837,Las Vegas
FDX00161,San Jose,9.344082312222342,42.717351364134785,2,2023-12-28 04:03:06.999849,San Francisco
FDX00162,San Antonio,14.580084189671785,75.12028652034726,3,2024-01-06 04:03:06.999857,Atlanta
FDX00163,Phoenix,17.39445535560827,131.1248597098778,3,2024-01-29 04:03:06.999864,Detroit
FDX00164,Houston,19.522669347556274,36.429415613804665,1,2024-01-22 04:03:06.999871,Atlanta
FDX00165,Dallas,17.188165176655914,26.17156298417702,1,2023-12-30 04:03:06.999877,San Francisco
FDX00166,Phoenix,0.7284246416075384,94.87024548575205,0,2024-01-11 04:03:06.999884,Seattle
FDX00167,Chicago,7.519572257328096,76.26378486371202,3,2023-12-28 04:03:06.999891,Boston
FDX00168,Phoenix,14.734815967269132,119.84270986606832,0,2024-01-27 04:03:06.999898,San Francisco
FDX00169,Philadelphia,3.84677870659809,134.8146645844928,3,2023-12-22 04:03:06.999905,Minneapolis
FDX00170,Phoenix,10.660213820980522,59.89843734525793,2,2024-01-17 04:03:06.999912,Seattle
FDX00171,San Diego,1.5595907726154459,70.60849406029263,0,2024-01-29 04:03:06.999919,Denver
FDX00172,San Jose,4.399932235479802,82.35265035951778,0,2024-01-21 04:03:06.999926,New Orleans
FDX00173,New York,0.8611749919819724,94.57817525223592,2,2024-01-26 04:03:06.999933,Boston
FDX00174,Los Angeles,15.977105215469702,142.06245956179401,3,2024-01-16 04:03:06.999941,Miami
FDX00175,San Jose,4.866531417177413,107.67963009960619,1,2024-01-03 04:03:06.999947,Miami
FDX00176,Chicago,7.234357773589602,70.74582088146826,3,2024-01-26 04:03:06.999954,Las Vegas
FDX00177,San Jose,18.59758522257902,55.65212237405545,2,2023-12-22 04:03:06.999961,Seattle
FDX00178,Los Angeles,14.236080837508888,137.3550862106549,2,2024-01-23 04:03:06.999968,Minneapolis
FDX00179,Los Angeles,1.120859125860503,40.26581197302077,3,2024-01-23 04:03:06.999976,Miami
FDX00180,Los Angeles,3.711536051709299,110.43190230057097,3,2024-01-09 04:03:06.999983,New Orleans
FDX00181,Los Angeles,12.61882882924539,135.04740303509288,2,2023-12-02 04:03:06.999990,Miami
FDX00182,San Diego,11.755957477781267,103.75987038413264,3,2024-01-27 04:03:06.999996,Detroit
FDX00183,Houston,5.138910016802918,74.76653281993454,1,2024-01-08 04:03:07.000003,Detroit
FDX00184,Philadelphia,18.717172959533478,47.878912791058085,1,2023-12-13 04:03:07.000010,New Orleans
FDX00185,Dallas,12.472336141334972,68.09703867023127,2,2023-12-08 04:03:07.000017,Detroit
FDX00186,San Jose,10.944839658986687,108.82461713041465,0,2023-12-02 04:03:07.000024,Boston
FDX00187,Dallas,12.003244538914135,101.94410690103562,0,2023-12-14 04:03:07.000032,Las Vegas
FDX00188,Los Angeles,14.737379575577007,135.35713999180297,3,2024-01-11 04:03:07.000039,New Orleans
FDX00189,Houston,6.5829274118522365,128.023309639125,2,2024-01-13 04:03:07.000045,San Francisco
FDX00190,San Jose,8.265310713213792,121.9380902719642,1,2023-12-03 04:03:07.000052,Detroit
FDX00191,San Jose,4.591953105014882,133.37410504209146,3,2023-12-17 04:03:07.000059,Seattle
FDX00192,Houston,4.130763614666555,57.16045832844593,0,2023-12-27 04:03:07.000066,Detroit
FDX00193,Houston,18.915261604686705,68.34282481675794,0,2023-12-18 04:03:07.000073,Minneapolis
FDX00194,San Diego,14.921240503461107,69.58726845432209,1,2024-01-24 04:03:07.000080,Minneapolis
FDX00195,Phoenix,10.063946768042557,91.25407064517363,2,2023-12-31 04:03:07.000087,Denver
FDX00196,Dallas,4.934585245479803,104.18618754513253,1,2024-01-14 04:03:07.000094,Seattle
FDX00197,New York,5.459951394522662,58.40600196484732,2,2024-01-04 04:03:07.000101,Boston
FDX00198,San Diego,1.6315686263155746,26.33549607711604,2,2023-12-15 04:03:07.000108,Seattle
FDX00199,San Antonio,8.971124198383356,71.90668603894912,0,2023-12-07 04:03:07.000115,Seattle
FDX00200,Phoenix,6.580019698885001,61.02335514652806,1,2024-01-05 04:03:07.000122,Las Vegas
FDX00201,New York,14.07869803190146,137.06216628216575,1,2023-12-24 04:03:07.000129,Seattle
FDX00202,San Diego,7.866160866203377,130.5918048652852,3,2023-12-03 04:03:07.000136,Atlanta
FDX00203,Los Angeles,4.002271712412878,127.23728140121035,1,2024-01-29 04:03:07.000143,Denver
FDX00204,Chicago,0.981235203630959,102.35997131342917,1,2024-01-16 04:03:07.000151,New Orleans
FDX00205,Phoenix,1.8113678135333473,65.31469976387267,3,2024-01-17 04:03:07.000158,Denver
FDX00206,Houston,13.748159083222063,89.86191208791656,2,2024-01-23 04:03:07.000166,Miami
FDX00207,Houston,9.347088468842884,121.82700488596473,0,2023-12-11 04:03:07.000173,Atlanta
FDX00208,Los Angeles,10.963294616620082,35.83324424673732,2,2023-12-11 04:03:07.000181,New Orleans
FDX00209,San Jose,17.98509021428667,120.12898563063656,2,2024-01-26 04:03:07.000188,Denver
FDX00210,Dallas,19.811609474235734,28.9415749593746,0,2023-12-28 04:03:07.000194,Atlanta
FDX00211,San Antonio,4.729491195770242,121.97052374572269,0,2023-12-09 04:03:07.000201,Miami
FDX00212,Los Angeles,13.430024960451966,120.90765649918482,2,2023-12-11 04:03:07.000209,Miami
FDX00213,Dallas,5.634786346374438,30.1208770594507,3,2023-12-25 04:03:07.000217,Atlanta
FDX00214,Phoenix,0.9026944895817093,99.25928537542299,3,2024-01-16 04:03:07.000224,Atlanta
FDX00215,Los Angeles,15.288383749804758,84.29436891754767,3,2024-01-18 04:03:07.000231,Detroit
FDX00216,San Antonio,6.740334441038123,44.37834038060576,2,2024-01-12 04:03:07.000238,Boston
FDX00217,Los Angeles,7.97754593635201,41.805472521285076,2,2024-01-25 04:03:07.000244,Atlanta
FDX00218,San Diego,11.972183714295312,116.79109512804278,2,2024-01-06 04:03:07.000251,Seattle
FDX00219,San Antonio,16.705444877105712,92.12312986042129,2,2023-12-13 04:03:07.000258,New Orleans
FDX00220,San Diego,12.7651459500274,141.9598961899839,3,2024-01-19 04:03:07.000266,Miami
FDX00221,Houston,17.516687781224206,141.8697332746013,1,2023-12-22 04:03:07.000275,Las Vegas
FDX00222,Chicago,5.834069678904897,143.12003921571196,0,2023-12-08 04:03:07.000282,Denver
FDX00223,Philadelphia,16.06191326129499,38.2338622038919,1,2023-12-07 04:03:07.000289,Denver
FDX00224,San Diego,4.1199009139660685,136.59073643567547,1,2023-12-22 04:03:07.000295,Minneapolis
FDX00225,San Antonio,19.07943731095292,53.34835308246754,0,2023-12-12 04:03:07.000302,New Orleans
FDX00226,Phoenix,13.906021389562397,78.98547117103344,2,2023-12-24 04:03:07.000309,San Francisco
FDX00227,Dallas,4.70239970371439,114.8887866986071,2,2023-12-31 04:03:07.000316,Denver
FDX00228,New York,18.97372651453402,48.434511849267835,2,2024-01-04 04:03:07.000323,San Francisco
FDX00229,Houston,14.751688232018077,91.9573926665196,3,2023-12-25 04:03:07.000330,Miami
FDX00230,Los Angeles,5.451862030603004,46.29800978711948,0,2024-01-22 04:03:07.000337,Miami
FDX00231,San Diego,4.659583558665899,36.5683328017552,1,2024-01-29 04:03:07.000344,Atlanta
FDX00232,Houston,10.604913921647933,37.98703349155183,1,2024-01-29 04:03:07.000351,Minneapolis
FDX00233,Phoenix,1.0004230020633658,66.91668418178625,2,2024-01-21 04:03:07.000358,Las Vegas
FDX00234,Dallas,4.545666471101633,24.558580420462018,1,2024-01-26 04:03:07.000365,Minneapolis
FDX00235,Phoenix,8.781366640654372,74.98247054420274,3,2024-01-23 04:03:07.000372,Miami
FDX00236,San Diego,7.796314616517398,103.70365260973789,2,2023-12-23 04:03:07.000379,New Orleans
FDX00237,Philadelphia,9.539720775113809,72.20258220047864,0,2024-01-22 04:03:07.000386,Las Vegas
FDX00238,New York,5.913759772747272,34.29535206238022,0,2023-12-09 04:03:07.000393,Detroit
FDX00239,New York,11.942294755934292,31.522663442836865,2,2024-01-16 04:03:07.000400,Detroit
FDX00240,Los Angeles,17.345184315503012,57.37398153178341,3,2024-01-11 04:03:07.000407,Seattle
FDX00241,San Antonio,2.791871191259645,44.31752286523209,1,2023-12-04 04:03:07.000414,Las Vegas
FDX00242,Philadelphia,10.588892589505226,139.81139678615634,0,2024-01-12 04:03:07.000420,Minneapolis
FDX00243,New York,3.0753280737304896,42.147626996890196,3,2024-01-26 04:03:07.000427,New Orleans
FDX00244,Philadelphia,14.478763783255577,120.65549248859959,2,2024-01-21 04:03:07.000434,San Francisco
FDX00245,Houston,8.223164204742229,94.33295300893738,3,2023-12-13 04:03:07.000441,Denver
FDX00246,New York,11.525715581240926,92.31443039811532,2,2023-12-17 04:03:07.000454,Atlanta
FDX00247,Philadelphia,4.073956806174533,85.44968591085416,0,2024-01-26 04:03:07.000461,Detroit
FDX00248,San Diego,3.324531307195856,140.61156913367412,1,2023-12-16 04:03:07.000468,Las Vegas
FDX00249,Los Angeles,10.017097472654614,67.66137301099654,1,2024-01-18 04:03:07.000475,Denver
FDX00250,Chicago,7.434448388074134,118.54989011446514,1,2023-12-07 04:03:07.000482,Miami
FDX00251,Dallas,18.838422932429854,90.63529289603515,0,2023-12-11 04:03:07.000489,Las Vegas
FDX00252,Philadelphia,15.423842449235822,71.47604011508713,0,2023-12-10 04:03:07.000496,Las Vegas
FDX00253,San Jose,15.098940587085673,138.6559119966937,2,2024-01-19 04:03:07.000503,Las Vegas
FDX00254,Dallas,18.122534925045702,95.79791632376245,2,2023-12-17 04:03:07.000510,Miami
FDX00255,Los Angeles,2.1267374911193615,38.27003305752163,0,2024-01-14 04:03:07.000517,Detroit
FDX00256,Los Angeles,11.267753163486928,74.1047041196228,1,2024-01-02 04:03:07.000524,Atlanta
FDX00257,Chicago,11.897283344637493,117.7898073217929,2,2023-12-22 04:03:07.000531,Denver
FDX00258,Los Angeles,19.257759381670965,107.24964278870566,0,2023-12-25 04:03:07.000538,Boston
FDX00259,Phoenix,6.1968767724547025,133.9608395803889,1,2024-01-11 04:03:07.000545,Miami
FDX00260,Chicago,5.196161208351213,55.12528609698243,2,2023-12-07 04:03:07.000552,New Orleans
FDX00261,San Diego,2.455731874177207,114.98324596245885,2,2023-12-25 04:03:07.000559,Denver
FDX00262,Philadelphia,0.820377777033747,79.18502488734251,3,2024-01-08 04:03:07.000566,San Francisco
FDX00263,New York,18.625821677447714,92.83316963601786,1,2024-01-01 04:03:07.000573,Detroit
FDX00264,Los Angeles,13.563372658522745,138.60560172075395,3,2023-12-27 04:03:07.000580,New Orleans
FDX00265,San Diego,15.810481784451186,141.5143583987013,3,2024-01-04 04:03:07.000587,Las Vegas
FDX00266,San Jose,5.993737062202007,127.39091567106763,3,2024-01-19 04:03:07.000594,New Orleans
FDX00267,San Jose,11.934998240633371,67.09165052763555,2,2024-01-28 04:03:07.000601,Denver
FDX00268,New York,1.7471276893591319,130.52410028727837,0,2023-12-02 04:03:07.000608,Las Vegas
FDX00269,Dallas,9.969738120725147,100.63310131696956,1,2024-01-08 04:03:07.000615,San Francisco
FDX00270,San Antonio,19.561155225016712,75.59961365648557,1,2024-01-04 04:03:07.000622,San Francisco
FDX00271,Los Angeles,17.59185228367352,28.28912190005805,2,2024-01-19 04:03:07.000629,Minneapolis
FDX00272,Chicago,7.09409956081849,116.41537490298985,0,2023-12-04 04:03:07.000636,Boston
FDX00273,Los Angeles,19.250618013559222,84.25266968689357,0,2023-12-19 04:03:07.000643,Detroit
FDX00274,San Diego,5.018181716188488,118.34261993580729,0,2024-01-16 04:03:07.000650,Miami
FDX00275,Los Angeles,19.01171703710579,113.76273592119239,1,2023-12-09 04:03:07.000657,Detroit
FDX00276,Houston,18.856865241776724,119.22808416580223,1,2024-01-27 04:03:07.000664,Boston
FDX00277,Houston,16.084450453371637,60.07813904361202,1,2024-01-11 04:03:07.000671,Las Vegas
FDX00278,Dallas,12.793734768902427,120.09583188811571,2,2024-01-09 04:03:07.000677,San Francisco
FDX00279,San Antonio,17.548615349186466,89.86155941594008,3,2024-01-22 04:03:07.000685,Boston
FDX00280,Phoenix,6.213895547902036,80.79914405389718,3,2023-12-20 04:03:07.000691,Las Vegas
FDX00281,Phoenix,17.054399328601907,105.01510965849083,3,2023-12-04 04:03:07.000698,San Francisco
FDX00282,Los Angeles,12.548595492391714,26.563041952601797,3,2024-01-08 04:03:07.000705,Boston
FDX00283,Philadelphia,0.75811872629854,36.27801790651131,2,2023-12-23 04:03:07.000712,Boston
FDX00284,San Jose,7.2710535996782815,59.061283820102645,1,2023-12-14 04:03:07.000719,Minneapolis
FDX00285,Philadelphia,3.388746788489218,141.95881319494077,1,2024-01-10 04:03:07.000726,Las Vegas
FDX00286,Dallas,19.645673101455937,40.769493463794596,2,2024-01-03 04:03:07.000733,Seattle
FDX00287,Los Angeles,9.828220987279767,63.67155609110524,0,2023-12-05 04:03:07.000740,Seattle
FDX00288,New York,10.199131627223922,30.126367763030835,2,2024-01-23 04:03:07.000747,Minneapolis
FDX00289,Phoenix,12.96971406977511,63.75226563512715,3,2024-01-29 04:03:07.000754,Miami
FDX00290,Philadelphia,7.687399819527542,62.439154381299794,1,2024-01-21 04:03:07.000761,Atlanta
FDX00291,Houston,3.169555297869179,137.61686051334266,3,2024-01-08 04:03:07.000768,Denver
FDX00292,Houston,16.531295797287786,125.41849043948645,0,2023-12-13 04:03:07.000775,Minneapolis
FDX00293,Dallas,4.20203428210378,69.93170630913258,0,2023-12-23 04:03:07.000782,San Francisco
FDX00294,Philadelphia,10.470720159655892,26.97228696470984,2,2024-01-26 04:03:07.000789,Boston
FDX00295,San Diego,4.874182065007416,123.72373367944539,2,2023-12-14 04:03:07.000796,Minneapolis
FDX00296,Philadelphia,2.4079674476336637,103.26434125734482,1,2023-12-20 04:03:07.000803,Seattle
FDX00297,San Jose,17.312734589722826,42.28373803815717,3,2023-12-19 04:03:07.000810,Boston
FDX00298,Los Angeles,19.47193003595104,143.52855252122248,1,2024-01-01 04:03:07.000816,Miami
FDX00299,Los Angeles,19.236275832228504,36.02801249089477,1,2023-12-03 04:03:07.000823,Atlanta
FDX00300,Dallas,18.17783223481299,128.05374499123954,1,2023-12-05 04:03:07.000830,Las Vegas
FDX00301,Phoenix,15.593922987623456,59.31193969556268,0,2023-12-24 04:03:07.000837,Minneapolis
FDX00302,Los Angeles,6.996330464558517,76.24241595901884,0,2023-12-21 04:03:07.000844,New Orleans
FDX00303,New York,2.081477104765937,119.45478321315775,1,2024-01-28 04:03:07.000852,Miami
FDX00304,New York,8.441202842569243,105.30100271928123,2,2023-12-09 04:03:07.000859,Atlanta
FDX00305,Houston,5.028565772333383,136.5437249332847,1,2023-12-15 04:03:07.000866,San Francisco
FDX00306,San Antonio,3.083508877780668,98.53683905524599,1,2024-01-24 04:03:07.000873,Minneapolis
FDX00307,San Antonio,1.5418300448430926,35.737219377486326,2,2023-12-02 04:03:07.000880,Boston
FDX00308,San Antonio,14.649090102106285,130.12324358903405,3,2024-01-02 04:03:07.000887,Miami
FDX00309,Philadelphia,0.722835443188105,116.29866299863093,3,2023-12-29 04:03:07.000894,Atlanta
FDX00310,Philadelphia,15.526324595804137,109.42445410719864,0,2023-12-20 04:03:07.000902,Las Vegas
FDX00311,New York,3.3654595853073137,30.448025682448243,0,2024-01-20 04:03:07.000909,Seattle
FDX00312,New York,2.050680610441737,71.54672935940928,0,2023-12-07 04:03:07.000916,Detroit
FDX00313,San Antonio,2.247259167652805,44.092298335144704,1,2023-12-04 04:03:07.000923,Seattle
FDX00314,Phoenix,13.604932243401333,122.62846900894428,2,2024-01-22 04:03:07.000930,Seattle
FDX00315,Houston,5.284660592130473,108.06343473814353,2,2023-12-25 04:03:07.000937,Boston
FDX00316,San Jose,8.70051960026192,129.96931167829624,3,2023-12-13 04:03:07.000944,Denver
FDX00317,Los Angeles,11.36869143081638,139.98901283089967,1,2024-01-24 04:03:07.000951,Boston
FDX00318,Chicago,17.280747889661477,116.96971370309983,3,2023-12-19 04:03:07.000959,Minneapolis
FDX00319,Phoenix,14.6773631228709,143.30796998649146,2,2024-01-01 04:03:07.000966,New Orleans
FDX00320,Dallas,5.771394152154936,97.77238633731587,3,2023-12-06 04:03:07.000973,Boston
FDX00321,Los Angeles,3.0639145861769883,28.45555246697374,3,2023-12-02 04:03:07.000981,Las Vegas
FDX00322,Houston,1.5797992482133598,25.710181818035505,3,2024-01-08 04:03:07.000988,Las Vegas
FDX00323,Phoenix,6.381173372378378,65.05246502445465,0,2024-01-18 04:03:07.000995,Atlanta
FDX00324,San Diego,5.611303910173726,122.81660628810445,1,2024-01-26 04:03:07.001002,Seattle
FDX00325,San Jose,9.394741052609353,127.93616475896772,2,2024-01-11 04:03:07.001009,Atlanta
FDX00326,Houston,13.823986043179769,139.29750345872134,2,2023-12-25 04:03:07.001016,Atlanta
FDX00327,San Diego,14.064696189957715,31.814576225858207,2,2023-12-14 04:03:07.001023,Detroit
FDX00328,San Diego,6.02861750835225,29.348533318519692,0,2023-12-19 04:03:07.001030,San Francisco
FDX00329,Los Angeles,7.90857564005235,133.59403156404403,2,2024-01-12 04:03:07.001037,Miami
FDX00330,Chicago,4.032443753869609,60.60560380354339,2,2023-12-13 04:03:07.001044,Minneapolis
FDX00331,Dallas,15.876637489977115,90.95848807315592,0,2024-01-02 04:03:07.001051,San Francisco
FDX00332,Philadelphia,1.608537490448186,141.8933859600852,1,2023-12-06 04:03:07.001064,Denver
FDX00333,Houston,14.091446213637253,72.0538241683108,0,2023-12-13 04:03:07.001072,San Francisco
FDX00334,Houston,15.684560220851516,103.90456779718079,1,2024-01-20 04:03:07.001079,San Francisco
FDX00335,Phoenix,15.659447456050687,72.10554763583824,3,2024-01-10 04:03:07.001087,Boston
FDX00336,San Antonio,5.558740004734421,116.18335973553357,2,2024-01-22 04:03:07.001093,New Orleans
FDX00337,Philadelphia,7.789356189684948,87.3257670687439,1,2024-01-22 04:03:07.001102,Detroit
FDX00338,Phoenix,11.958192886329586,52.502776558361965,0,2023-12-23 04:03:07.001109,Seattle
FDX00339,Philadelphia,5.820027097277107,56.55673215101594,0,2023-12-17 04:03:07.001116,Seattle
FDX00340,San Jose,7.73162958474883,54.96710550460887,2,2023-12-16 04:03:07.001123,Detroit
FDX00341,San Antonio,4.342558463619973,87.87843939102729,0,2023-12-14 04:03:07.001130,Minneapolis
FDX00342,New York,9.467189733242144,108.38268192187972,3,2023-12-14 04:03:07.001137,Denver
FDX00343,San Diego,1.3699398744552247,137.91358800517705,1,2023-12-26 04:03:07.001144,Detroit
FDX00344,San Diego,16.096019749127052,107.29048500995759,3,2023-12-27 04:03:07.001151,Detroit
FDX00345,Houston,2.0006507162393383,117.74314127548688,1,2024-01-19 04:03:07.001158,Seattle
FDX00346,New York,10.617285402214758,44.271133903747874,2,2023-12-05 04:03:07.001165,San Francisco
FDX00347,San Antonio,6.482796941131324,68.88751500087909,2,2024-01-24 04:03:07.001172,Seattle
FDX00348,Philadelphia,11.762087502211822,73.65362638299193,1,2024-01-01 04:03:07.001179,Boston
FDX00349,Los Angeles,19.20895014625179,106.36562760005675,0,2023-12-14 04:03:07.001186,Miami
FDX00350,Phoenix,13.088619766892075,59.50703716522483,2,2023-12-28 04:03:07.001195,Seattle
FDX00351,San Antonio,1.189567497232073,60.395030570359935,0,2024-01-10 04:03:07.001202,New Orleans
FDX00352,Philadelphia,8.892847570407193,66.70669855690417,2,2023-12-21 04:03:07.001208,San Francisco
FDX00353,Chicago,10.44532862020588,121.23624978518787,0,2023-12-30 04:03:07.001215,San Francisco
FDX00354,Houston,10.955461146717314,93.31081080520184,2,2023-12-29 04:03:07.001222,New Orleans
FDX00355,San Diego,13.787153956774839,33.033273579928135,3,2023-12-13 04:03:07.001231,Seattle
FDX00356,San Diego,5.913123905769439,33.38953196285625,0,2023-12-13 04:03:07.001239,Boston
FDX00357,New York,3.0127810265932435,68.55443331389992,3,2024-01-28 04:03:07.001246,Atlanta
FDX00358,New York,8.15717569266834,115.990926072739,1,2023-12-28 04:03:07.001256,Seattle
FDX00359,Los Angeles,19.149911594521,106.64201117744166,1,2023-12-20 04:03:07.001263,New Orleans
FDX00360,Chicago,4.149052389141472,108.9578825581424,0,2023-12-11 04:03:07.001270,New Orleans
FDX00361,Houston,18.12768712110062,116.06520792649162,0,2023-12-05 04:03:07.001278,New Orleans
FDX00362,New York,11.104216026507864,58.458325546359525,3,2023-12-15 04:03:07.001285,Seattle
FDX00363,San Jose,9.409772722092434,89.79075383305056,1,2023-12-05 04:03:07.001292,Seattle
FDX00364,Houston,17.699807499482848,89.20231683801235,1,2023-12-14 04:03:07.001299,San Francisco
FDX00365,San Antonio,9.442777254487424,112.75590014159391,3,2023-12-06 04:03:07.001306,Boston
FDX00366,Houston,14.621268913925094,138.82446829267758,3,2024-01-29 04:03:07.001314,Minneapolis
FDX00367,Chicago,8.28099377321049,57.35879337545591,1,2023-12-23 04:03:07.001321,San Francisco
FDX00368,Houston,18.128865661568675,119.19380073084578,0,2024-01-08 04:03:07.001328,New Orleans
FDX00369,New York,13.955487893728934,103.1964658227915,3,2024-01-07 04:03:07.001335,Las Vegas
FDX00370,Phoenix,14.142630057885075,93.62854450361522,0,2024-01-02 04:03:07.001342,Atlanta
FDX00371,Philadelphia,6.890547830363818,116.98557352168824,3,2024-01-24 04:03:07.001349,Minneapolis
FDX00372,San Diego,15.25718353336934,137.28389597137192,2,2023-12-15 04:03:07.001356,Atlanta
FDX00373,San Jose,12.903190581219256,28.402970144329558,2,2023-12-25 04:03:07.001363,Las Vegas
FDX00374,New York,5.180395330904336,41.68801230158648,1,2023-12-15 04:03:07.001370,Atlanta
FDX00375,New York,3.6305070384625,114.7544677801339,1,2023-12-25 04:03:07.001377,Seattle
FDX00376,Phoenix,16.02963375308797,34.05496234921014,1,2023-12-20 04:03:07.001384,Detroit
FDX00377,San Antonio,19.203748759186837,85.93484408893116,2,2024-01-26 04:03:07.001391,San Francisco
FDX00378,Dallas,9.433707131570836,50.38329319699284,0,2024-01-01 04:03:07.001398,Denver
FDX00379,San Diego,12.024191223811856,56.91548446113018,0,2024-01-02 04:03:07.001405,Atlanta
FDX00380,San Antonio,17.225591561774316,108.22085795332995,0,2024-01-20 04:03:07.001412,Seattle
FDX00381,Phoenix,9.415857340400212,27.623132792245393,0,2023-12-17 04:03:07.001419,Boston
FDX00382,Houston,19.061552298238354,128.79833134822843,3,2024-01-26 04:03:07.001426,Seattle
FDX00383,New York,11.727147659875012,77.3374746422724,3,2023-12-17 04:03:07.001433,Miami
FDX00384,San Diego,16.504958853675642,84.28719526885213,3,2024-01-18 04:03:07.001440,San Francisco
FDX00385,New York,18.2224525090484,88.80575564324303,0,2023-12-09 04:03:07.001447,Denver
FDX00386,San Antonio,16.402714465987092,101.46531534953927,1,2024-01-07 04:03:07.001454,San Francisco
FDX00387,Los Angeles,3.608582037254641,65.38279039472977,0,2023-12-18 04:03:07.001461,Las Vegas
FDX00388,Dallas,12.763519561703157,36.13289886761896,3,2023-12-18 04:03:07.001467,Minneapolis
FDX00389,Philadelphia,8.269468043083702,62.205472399941186,1,2024-01-25 04:03:07.001476,Minneapolis
FDX00390,San Diego,1.7229025644552411,44.177054162738436,3,2023-12-31 04:03:07.001483,Seattle
FDX00391,San Antonio,8.768628911851918,90.73598153405688,3,2023-12-16 04:03:07.001490,San Francisco
FDX00392,Los Angeles,5.54433930434345,62.16343571524638,2,2024-01-27 04:03:07.001497,Seattle
FDX00393,Philadelphia,17.05624701435596,138.9680613592122,1,2023-12-30 04:03:07.001504,Seattle
FDX00394,San Jose,1.1494402176605758,139.8881133576337,0,2024-01-24 04:03:07.001511,Atlanta
FDX00395,Houston,19.200163076337734,98.41510566818897,3,2023-12-13 04:03:07.001518,Miami
FDX00396,San Antonio,7.429692545202627,98.09967212007432,0,2024-01-17 04:03:07.001525,Minneapolis
FDX00397,San Antonio,7.455784362849586,142.2454277480527,1,2024-01-12 04:03:07.001533,Atlanta
FDX00398,San Diego,0.8184058023323039,130.47397814822233,1,2024-01-14 04:03:07.001540,San Francisco
FDX00399,Phoenix,4.112030342105587,115.8083938989768,2,2023-12-04 04:03:07.001547,Boston
FDX00400,New York,8.324560265670371,61.63087340912414,0,2023-12-19 04:03:07.001554,Atlanta
FDX00401,Dallas,18.62118263740292,67.86468337416916,2,2024-01-05 04:03:07.001561,Detroit
FDX00402,New York,2.442491139314791,48.15201189130386,1,2024-01-08 04:03:07.001567,Miami
FDX00403,New York,18.933379902842052,82.45777523008496,0,2023-12-20 04:03:07.001574,Atlanta
FDX00404,San Jose,17.455026345659327,142.84422265674954,2,2024-01-26 04:03:07.001581,Boston
FDX00405,Phoenix,9.35616673969726,133.45811436139064,0,2023-12-14 04:03:07.001588,Detroit
FDX00406,Philadelphia,6.870667194481071,38.201932082336285,0,2023-12-12 04:03:07.001604,Atlanta
FDX00407,San Diego,5.038510520941609,27.02283471486074,3,2023-12-29 04:03:07.001612,Denver
FDX00408,Chicago,12.48206177629905,131.83652020899194,1,2024-01-23 04:03:07.001619,Boston
FDX00409,San Antonio,1.1449545337723597,88.4604153538449,0,2023-12-09 04:03:07.001626,Las Vegas
FDX00410,New York,0.8043182567131502,48.02278658501474,2,2023-12-27 04:03:07.001633,Atlanta
FDX00411,Los Angeles,8.861516588715638,104.83839235015624,0,2023-12-13 04:03:07.001640,Detroit
FDX00412,San Antonio,1.827444442507044,101.3067813515784,1,2024-01-18 04:03:07.001647,Detroit
FDX00413,Los Angeles,5.412849270798811,38.65027282037606,0,2023-12-21 04:03:07.001655,Denver
FDX00414,Dallas,4.812637849248635,55.15202801971434,2,2024-01-21 04:03:07.001662,Minneapolis
FDX00415,San Jose,5.4372282775956124,31.209355717590956,3,2024-01-26 04:03:07.001669,Minneapolis
FDX00416,San Antonio,3.0555770086975262,49.18325686441703,1,2023-12-05 04:03:07.001676,New Orleans
FDX00417,Chicago,0.7347063465042583,39.876680982367546,3,2023-12-17 04:03:07.001688,Miami
FDX00418,Chicago,2.7519437942055878,47.18835509694673,1,2023-12-06 04:03:07.001695,Seattle
FDX00419,Los Angeles,12.560365060498583,106.25605750957403,1,2023-12-21 04:03:07.001702,Miami
FDX00420,New York,19.49799614995198,29.939969311328127,0,2023-12-19 04:03:07.001709,San Francisco
FDX00421,San Diego,19.81172753043743,36.22255382978598,3,2023-12-06 04:03:07.001717,San Francisco
FDX00422,Phoenix,8.476554859774701,40.10083656939452,3,2024-01-04 04:03:07.001724,New Orleans
FDX00423,Phoenix,3.677611307908805,61.98493451497608,0,2023-12-15 04:03:07.001731,Detroit
FDX00424,Chicago,12.955854268647322,59.85003730223291,0,2024-01-23 04:03:07.001738,Denver
FDX00425,Chicago,10.060954257700374,54.60765423799673,1,2024-01-22 04:03:07.001745,Minneapolis
FDX00426,New York,19.793490657046412,114.06439841188995,2,2023-12-20 04:03:07.001752,Minneapolis
FDX00427,San Diego,1.7734320394597138,143.76273453097207,0,2023-12-31 04:03:07.001759,San Francisco
FDX00428,Los Angeles,15.773071547119356,88.07735083545549,2,2024-01-24 04:03:07.001766,Minneapolis
FDX00429,San Antonio,6.123770697964131,137.30432614967305,3,2023-12-22 04:03:07.001773,New Orleans
FDX00430,Houston,5.207663091493193,71.59321345512777,3,2024-01-26 04:03:07.001780,Las Vegas
FDX00431,Philadelphia,13.418839144887182,36.801893616325614,1,2024-01-22 04:03:07.001787,Detroit
FDX00432,New York,5.298232107323807,73.05285953638048,0,2023-12-10 04:03:07.001794,San Francisco
FDX00433,San Diego,13.48425279240416,59.5353328097632,0,2023-12-17 04:03:07.001801,Seattle
FDX00434,Phoenix,10.587516085444632,83.20883547470137,1,2024-01-06 04:03:07.001808,New Orleans
FDX00435,Chicago,8.76973527449906,102.84524122997078,3,2024-01-05 04:03:07.001815,Denver
FDX00436,Phoenix,11.31641226889767,79.32602629828898,0,2023-12-10 04:03:07.001822,Atlanta
FDX00437,Dallas,6.09750463843278,136.21926144933906,3,2023-12-31 04:03:07.001829,Detroit
FDX00438,Dallas,14.278206772323088,130.1717786759256,0,2023-12-09 04:03:07.001836,Denver
FDX00439,New York,8.589708952004498,108.23731141994367,1,2024-01-12 04:03:07.001843,Seattle
FDX00440,Dallas,7.530638429474899,82.7621894837459,0,2023-12-04 04:03:07.001850,Las Vegas
FDX00441,Philadelphia,16.658809833836887,39.80247381773482,3,2023-12-17 04:03:07.001857,Seattle
FDX00442,Dallas,18.536854783087247,71.641640013316,3,2023-12-27 04:03:07.001864,Boston
FDX00443,Phoenix,1.3971425623022902,108.52818472814084,2,2023-12-12 04:03:07.001871,Boston
FDX00444,Phoenix,5.036226360180428,58.186262466447744,3,2024-01-15 04:03:07.001878,Atlanta
FDX00445,Houston,7.296127705104983,36.478569305210456,0,2023-12-18 04:03:07.001885,Denver
FDX00446,Chicago,16.391846347719824,132.94781490127536,2,2023-12-18 04:03:07.001892,New Orleans
FDX00447,San Diego,19.717082839044302,109.08609717786535,0,2024-01-13 04:03:07.001898,Atlanta
FDX00448,San Antonio,19.39494824107186,97.83317119621167,1,2023-12-13 04:03:07.001905,New Orleans
FDX00449,Dallas,18.146492738223575,119.09986867306999,2,2023-12-07 04:03:07.001912,Detroit
FDX00450,Los Angeles,6.2828471687485825,124.27752451001707,1,2024-01-28 04:03:07.001919,Denver
FDX00451,San Antonio,19.844219246582245,82.0150797805228,3,2023-12-18 04:03:07.001926,New Orleans
FDX00452,Dallas,5.363690800600799,129.7425901691328,2,2023-12-07 04:03:07.001949,Miami
FDX00453,Dallas,2.565170020203528,133.97028128413265,2,2024-01-29 04:03:07.001957,Miami
FDX00454,Houston,19.043575915580185,56.58613145097377,0,2023-12-09 04:03:07.001964,Detroit
FDX00455,Los Angeles,5.051694981627878,96.90544317489531,3,2023-12-04 04:03:07.001971,Minneapolis
FDX00456,San Diego,13.950481169016134,87.1900834584563,3,2024-01-14 04:03:07.001978,Detroit
FDX00457,Philadelphia,1.637949000121479,88.55349349822829,3,2024-01-13 04:03:07.001984,Seattle
FDX00458,San Diego,14.748827432985784,136.51957127574744,3,2024-01-21 04:03:07.001991,San Francisco
FDX00459,Los Angeles,17.693544140509875,60.62264432316348,0,2023-12-19 04:03:07.001998,Boston
FDX00460,Chicago,5.812519461586269,142.01207738814915,0,2024-01-09 04:03:07.002005,Minneapolis
FDX00461,Dallas,7.891609473509856,132.25574577650787,2,2023-12-06 04:03:07.002012,Detroit
FDX00462,Los Angeles,7.7987755747578635,79.04674663362032,0,2023-12-17 04:03:07.002019,Minneapolis
FDX00463,Dallas,15.101371022032597,122.09439163417994,3,2024-01-04 04:03:07.002028,Detroit
FDX00464,Houston,5.1372412295112575,116.28563931841687,2,2024-01-29 04:03:07.002035,Boston
FDX00465,Philadelphia,3.8511354314290385,105.34739635422255,2,2023-12-11 04:03:07.002041,Denver
FDX00466,San Antonio,9.261187149410892,62.38006672597851,2,2023-12-21 04:03:07.002048,Seattle
FDX00467,Phoenix,6.43713394385773,47.57411901851447,0,2024-01-27 04:03:07.002055,Las Vegas
FDX00468,Houston,16.864187884043723,104.58332361189099,1,2024-01-23 04:03:07.002063,Denver
FDX00469,San Diego,5.135965607304955,125.15679556813011,1,2024-01-26 04:03:07.002070,New Orleans
FDX00470,New York,10.296594421040599,25.95033464128436,2,2023-12-30 04:03:07.002077,Miami
FDX00471,San Jose,18.88038019410964,101.13640503702145,3,2024-01-16 04:03:07.002083,Miami
FDX00472,San Antonio,12.862955106020884,77.1447629546655,2,2024-01-09 04:03:07.002090,New Orleans
FDX00473,Dallas,17.412143406518062,131.77053061523804,2,2023-12-08 04:03:07.002097,Boston
FDX00474,Houston,18.834088942417964,62.57675170250463,2,2024-01-18 04:03:07.002104,Miami
FDX00475,Houston,15.139914806783862,80.90217747163462,1,2024-01-18 04:03:07.002111,Seattle
FDX00476,New York,14.141713674382652,85.77205248422236,0,2024-01-24 04:03:07.002118,New Orleans
FDX00477,Dallas,19.375328548782427,40.85274256452636,0,2023-12-12 04:03:07.002125,Atlanta
FDX00478,New York,19.89081539812975,109.54707632386877,2,2024-01-13 04:03:07.002132,Denver
FDX00479,Phoenix,9.310522812060313,123.65716141451514,3,2024-01-16 04:03:07.002139,New Orleans
FDX00480,Los Angeles,1.8819606745920632,30.94911322755123,3,2024-01-21 04:03:07.002146,San Francisco
FDX00481,Chicago,6.209483613090118,58.96665846442833,3,2024-01-02 04:03:07.002153,Minneapolis
FDX00482,Phoenix,3.470916760910744,28.56536178420695,0,2024-01-23 04:03:07.002160,Atlanta
FDX00483,Phoenix,8.64098430852223,138.78529256258906,2,2023-12-16 04:03:07.002167,New Orleans
FDX00484,Philadelphia,3.0601419052284924,104.06025848445883,0,2023-12-06 04:03:07.002174,New Orleans
FDX00485,Houston,12.2802971784072,139.70405033457376,2,2023-12-18 04:03:07.002181,Denver
FDX00486,Phoenix,7.964757153578155,87.77931339975694,2,2024-01-25 04:03:07.002188,Denver
FDX00487,Los Angeles,17.960024743620096,120.24822286747367,3,2023-12-20 04:03:07.002195,Atlanta
FDX00488,Phoenix,19.371996100070785,68.9296780655688,0,2023-12-19 04:03:07.002202,Boston
FDX00489,New York,11.164255582553732,66.45828390871691,2,2024-01-14 04:03:07.002209,Atlanta
FDX00490,San Jose,5.859059612418133,69.39213805261592,0,2024-01-29 04:03:07.002216,Minneapolis
FDX00491,Chicago,12.048493165855817,102.94345604717138,2,2023-12-21 04:03:07.002223,Seattle
FDX00492,Houston,17.986842585375992,67.13437812259826,0,2023-12-23 04:03:07.002230,Seattle
FDX00493,Los Angeles,8.431300243797091,132.0440941925071,0,2024-01-23 04:03:07.002237,Atlanta
FDX00494,Dallas,11.265526395493431,141.99298380601863,1,2023-12-09 04:03:07.002244,Detroit
FDX00495,Chicago,5.797228968319844,27.65118184044071,3,2023-12-31 04:03:07.002251,Denver
FDX00496,Houston,9.381160914275526,47.23479484829958,1,2023-12-02 04:03:07.002258,Las Vegas
FDX00497,Houston,8.333413939902172,37.46999911048632,3,2023-12-13 04:03:07.002265,Boston
FDX00498,Houston,5.344062569117935,29.08368565097319,2,2024-01-04 04:03:07.002271,Minneapolis
FDX00499,Dallas,10.364394484593513,51.32891920167438,0,2024-01-17 04:03:07.002278,Boston
FDX00500,Dallas,6.5524261066063225,77.61519844428975,3,2024-01-29 04:03:07.014983,Minneapolis
FDX00501,Dallas,7.774179845674576,124.43884383464206,0,2023-12-08 04:03:07.015031,San Francisco
FDX00502,Phoenix,10.736923623958154,50.61888366119953,1,2023-12-10 04:03:07.015054,Denver
FDX00503,Philadelphia,15.136602947115255,83.27343067946416,2,2023-12-11 04:03:07.015062,Seattle
FDX00504,San Diego,7.003395582929869,135.55424873361054,1,2024-01-01 04:03:07.015069,Las Vegas
FDX00505,Dallas,18.52109594910489,104.06576481440099,2,2023-12-02 04:03:07.015076,Miami
FDX00506,San Antonio,17.315211663300097,119.7694823707197,2,2024-01-22 04:03:07.015083,New Orleans
FDX00507,San Diego,1.4494607715228065,90.11927642225835,1,2024-01-28 04:03:07.015091,Atlanta
FDX00508,New York,5.446029223008044,141.65597506087562,0,2023-12-16 04:03:07.015101,Atlanta
FDX00509,San Jose,9.199642496854437,94.6394585617769,3,2023-12-12 04:03:07.015108,Miami
FDX00510,Chicago,2.5402438304782446,29.461285675510986,3,2023-12-10 04:03:07.015115,Minneapolis
FDX00511,Los Angeles,7.295281786153193,47.75793599277538,3,2024-01-22 04:03:07.015122,Seattle
FDX00512,Dallas,14.931901749544808,72.57283547485775,3,2023-12-20 04:03:07.015128,Miami
FDX00513,Philadelphia,13.770032382285104,96.15326070885315,3,2024-01-03 04:03:07.015135,Denver
FDX00514,Chicago,12.636496357037094,116.63170408907519,2,2023-12-20 04:03:07.015142,Las Vegas
FDX00515,San Antonio,14.35530385308574,73.57033510846635,2,2023-12-12 04:03:07.015150,Denver
FDX00516,Los Angeles,4.496011895714185,109.20699660188264,0,2023-12-14 04:03:07.015158,Denver
FDX00517,Los Angeles,7.163113239862276,118.78434037309499,3,2024-01-07 04:03:07.015164,Minneapolis
FDX00518,Phoenix,13.686728404410525,62.071223669997934,3,2024-01-15 04:03:07.015171,New Orleans
FDX00519,Los Angeles,17.64507787911088,141.51242880429822,2,2023-12-29 04:03:07.015178,Detroit
FDX00520,San Jose,11.101722049647856,101.95877942830028,3,2024-01-08 04:03:07.015186,Seattle
FDX00521,Dallas,6.012643193437964,129.71976729433572,3,2023-12-08 04:03:07.015198,Las Vegas
FDX00522,Chicago,1.0895875311166605,90.7125226570328,2,2024-01-22 04:03:07.015205,San Francisco
FDX00523,Dallas,14.351568164997161,112.99237285827884,1,2023-12-24 04:03:07.015213,Boston
FDX00524,San Diego,0.6537400184145874,116.46528739396385,0,2024-01-13 04:03:07.015220,Denver
FDX00525,New York,7.7672418615094125,132.9898055081495,1,2024-01-23 04:03:07.015227,Miami
FDX00526,San Antonio,10.845475683974245,42.04197082456444,0,2023-12-18 04:03:07.015234,Minneapolis
FDX00527,San Diego,18.481173504460266,90.99401090030982,3,2024-01-09 04:03:07.015242,Minneapolis
FDX00528,Philadelphia,2.245143628141552,75.40542157270275,1,2023-12-22 04:03:07.015249,Minneapolis
FDX00529,Houston,8.415875278381533,134.77908254084883,3,2024-01-25 04:03:07.015256,Las Vegas
FDX00530,Philadelphia,0.9741073943480766,36.611363309879906,3,2024-01-13 04:03:07.015263,San Francisco
FDX00531,San Jose,7.180914194661011,141.90886664170955,1,2023-12-26 04:03:07.015271,Boston
FDX00532,Houston,12.633505647376001,129.05415889119556,2,2023-12-13 04:03:07.015278,Atlanta
FDX00533,Phoenix,5.941824990457668,32.85915378770982,2,2023-12-04 04:03:07.015285,Seattle
FDX00534,Chicago,4.590124018284884,82.91596626485693,2,2023-12-13 04:03:07.015292,Miami
FDX00535,Philadelphia,2.756213049878326,110.10714002550311,1,2024-01-15 04:03:07.015299,Atlanta
FDX00536,New York,11.754234758396665,112.57818548292677,3,2023-12-13 04:03:07.015306,San Francisco
FDX00537,San Antonio,14.057765115141377,132.7792950285505,0,2023-12-21 04:03:07.015313,Seattle
FDX00538,Dallas,13.603164241618536,119.98385226987732,2,2024-01-14 04:03:07.015320,Boston
FDX00539,San Diego,19.002789904049894,61.31164564129074,1,2024-01-05 04:03:07.015328,Seattle
FDX00540,San Diego,0.5527126709233026,83.81217430349429,0,2024-01-15 04:03:07.015335,New Orleans
FDX00541,San Antonio,13.120334750933702,108.21429155230248,3,2024-01-19 04:03:07.015342,Miami
FDX00542,San Antonio,12.207648623403971,40.61242096372217,0,2023-12-06 04:03:07.015349,Las Vegas
FDX00543,Houston,11.98042239442062,47.27889571202368,0,2024-01-25 04:03:07.015356,Atlanta
FDX00544,San Diego,19.274021236884728,81.72509377318471,3,2024-01-09 04:03:07.015362,Minneapolis
FDX00545,San Antonio,0.828997630715774,59.78949584466152,3,2023-12-19 04:03:07.015369,Detroit
FDX00546,San Antonio,14.081407398678277,127.50710997409139,1,2023-12-20 04:03:07.015376,Miami
FDX00547,Philadelphia,16.36673366918634,94.35327858247416,1,2023-12-08 04:03:07.015385,Seattle
FDX00548,Dallas,10.441240334120891,65.83982372620412,2,2024-01-18 04:03:07.015391,New Orleans
FDX00549,Philadelphia,7.012314957137779,125.85996307252921,0,2023-12-07 04:03:07.015399,Denver
FDX00550,Dallas,15.921383182934395,120.58541382650866,1,2023-12-31 04:03:07.015406,San Francisco
FDX00551,Philadelphia,2.3962370498322807,143.80258525191235,2,2024-01-26 04:03:07.015413,Denver
FDX00552,Dallas,9.119694935733543,125.67692260004817,3,2023-12-08 04:03:07.015420,Minneapolis
FDX00553,Houston,10.639071304131345,73.73478417668156,1,2023-12-16 04:03:07.015427,Seattle
FDX00554,Chicago,14.032150013223676,39.299865812398615,2,2024-01-03 04:03:07.015434,Detroit
FDX00555,Houston,2.2722717746319843,124.87690898405735,2,2024-01-02 04:03:07.015442,Boston
FDX00556,San Jose,4.941310279988288,31.170950155247276,2,2024-01-27 04:03:07.015449,Las Vegas
FDX00557,Houston,8.50088047245745,66.0325448813825,3,2024-01-27 04:03:07.015456,Detroit
FDX00558,Houston,12.654246123892548,134.36855769255286,3,2024-01-06 04:03:07.015463,New Orleans
FDX00559,Dallas,17.79573523373964,139.29197681341208,3,2023-12-15 04:03:07.015470,Denver
FDX00560,San Jose,12.567110280706842,100.8677512225462,2,2024-01-01 04:03:07.015477,Boston
FDX00561,Houston,3.1024986832312216,106.63779803804563,2,2023-12-03 04:03:07.015484,Boston
FDX00562,Houston,19.621312589352005,29.0945386470627,3,2023-12-07 04:03:07.015491,Las Vegas
FDX00563,Philadelphia,17.499821827732113,85.73764093074575,3,2024-01-11 04:03:07.015499,Miami
FDX00564,San Diego,10.303054842333818,89.62418145676094,1,2023-12-13 04:03:07.015506,Miami
FDX00565,San Jose,18.485785645034344,64.81208953489333,3,2024-01-28 04:03:07.015513,New Orleans
FDX00566,San Jose,11.056925478264148,32.23162017046612,0,2024-01-25 04:03:07.015520,San Francisco
FDX00567,Chicago,18.50446832383868,51.46891196692728,2,2023-12-24 04:03:07.015527,Las Vegas
FDX00568,Phoenix,16.682998687765192,66.95807242334357,3,2024-01-12 04:03:07.015534,Boston
FDX00569,San Diego,19.3815850007388,76.21703838195955,0,2024-01-05 04:03:07.015541,Seattle
FDX00570,Houston,18.43576481017409,94.9112070640283,2,2024-01-04 04:03:07.015548,Seattle
FDX00571,Dallas,1.2026594398571049,110.68698224378836,2,2023-12-17 04:03:07.015556,Detroit
FDX00572,Philadelphia,3.9080540811383293,62.11582479287354,3,2024-01-17 04:03:07.015563,Boston
FDX00573,Philadelphia,8.088126203473124,63.474451190277975,0,2023-12-26 04:03:07.015570,Detroit
FDX00574,New York,19.066782597260705,26.362997126844448,0,2024-01-08 04:03:07.015577,Las Vegas
FDX00575,Chicago,6.350563929780627,28.904983211282197,0,2023-12-04 04:03:07.015584,Seattle
FDX00576,Dallas,3.6291190558082205,54.93860331702437,1,2023-12-10 04:03:07.015591,Denver
FDX00577,New York,17.78294098868792,112.8293997209948,3,2024-01-20 04:03:07.015598,Boston
FDX00578,New York,9.204691101922457,99.39765964486946,1,2023-12-24 04:03:07.015605,Las Vegas
FDX00579,New York,18.20357408990936,116.37468248134017,2,2023-12-17 04:03:07.015612,Denver
FDX00580,Dallas,3.6244940932427934,116.27033234577861,1,2023-12-19 04:03:07.015619,Miami
FDX00581,Houston,13.39179147440794,126.78809612031615,3,2024-01-23 04:03:07.015625,San Francisco
FDX00582,Dallas,9.085143180175091,110.43831191842602,2,2024-01-12 04:03:07.015632,Las Vegas
FDX00583,Los Angeles,1.9914919960905653,141.48131028009874,2,2023-12-29 04:03:07.015639,Boston
FDX00584,Chicago,14.081031320723762,131.8590263162181,3,2023-12-02 04:03:07.015646,Detroit
FDX00585,Dallas,5.324275733013497,94.4060599467881,1,2023-12-10 04:03:07.015653,San Francisco
FDX00586,Houston,1.2725026903005956,94.57892045894062,1,2023-12-13 04:03:07.015660,Boston
FDX00587,Phoenix,1.6689138158666785,28.11204484226754,0,2023-12-16 04:03:07.015667,Denver
FDX00588,San Antonio,1.6910314728023532,143.82318932500252,2,2024-01-23 04:03:07.015674,Las Vegas
FDX00589,Houston,18.20079267095827,39.78911968393702,0,2023-12-10 04:03:07.015681,San Francisco
FDX00590,Los Angeles,14.92773639766747,112.84166359579103,1,2024-01-13 04:03:07.015688,Seattle
FDX00591,San Jose,18.012215965667835,122.52182341491707,3,2023-12-30 04:03:07.015695,Denver
FDX00592,Dallas,13.615355070282167,68.76654351662438,3,2024-01-01 04:03:07.015702,Las Vegas
FDX00593,Phoenix,10.814328616102221,47.62224655983765,0,2024-01-18 04:03:07.015709,San Francisco
FDX00594,San Diego,6.4367041047738764,35.8511864148666,2,2023-12-28 04:03:07.015716,New Orleans
FDX00595,San Antonio,19.960263900909133,113.83272069954934,2,2023-12-22 04:03:07.015723,Miami
FDX00596,Chicago,7.562686649318092,78.31842350468348,3,2024-01-04 04:03:07.015730,Boston
FDX00597,Houston,9.677654509671235,109.64613108013629,1,2023-12-22 04:03:07.015737,Minneapolis
FDX00598,Los Angeles,7.875780911007505,133.84891786221607,3,2023-12-31 04:03:07.015744,Seattle
FDX00599,Los Angeles,19.600775122041444,41.590048338126806,0,2024-01-27 04:03:07.015756,Boston
FDX00600,New York,3.9058385152026127,134.30052008685595,2,2024-01-10 04:03:07.015763,New Orleans
FDX00601,San Diego,6.895766017707554,73.3951751410124,3,2024-01-17 04:03:07.015770,San Francisco
FDX00602,San Diego,13.76679898729253,60.63204118767469,2,2024-01-11 04:03:07.015777,Minneapolis
FDX00603,Philadelphia,1.7325485576032975,137.1674712723335,1,2024-01-29 04:03:07.015784,New Orleans
FDX00604,New York,12.34136279322505,142.87820311276795,3,2023-12-19 04:03:07.015791,Seattle
FDX00605,Chicago,9.814106806090113,47.867066132093775,0,2024-01-07 04:03:07.015797,San Francisco
FDX00606,San Diego,6.037999546860972,102.82060163423799,2,2024-01-12 04:03:07.015804,New Orleans
FDX00607,Phoenix,5.149058978019131,36.77943765252724,0,2023-12-18 04:03:07.015811,San Francisco
FDX00608,Dallas,10.532998494325756,102.10968046290068,0,2024-01-25 04:03:07.016327,San Francisco
FDX00609,San Diego,7.674587820472306,123.27758733310196,1,2024-01-25 04:03:07.016337,Denver
FDX00610,San Diego,9.40213787962178,106.13982558288811,2,2024-01-11 04:03:07.016345,Las Vegas
FDX00611,Houston,7.080808944402678,74.07997704751149,2,2024-01-24 04:03:07.016352,Miami
FDX00612,San Antonio,19.424627025121563,69.96796314765234,3,2024-01-15 04:03:07.016360,New Orleans
FDX00613,Houston,3.1020689190392785,71.17468982681004,3,2024-01-19 04:03:07.016367,Detroit
FDX00614,San Antonio,2.387677086978297,94.76541815915078,0,2023-12-10 04:03:07.016374,Denver
FDX00615,Chicago,7.196138711422863,129.78807240869946,3,2023-12-31 04:03:07.016381,New Orleans
FDX00616,San Diego,12.02502456697458,135.48793887225213,0,2024-01-10 04:03:07.016388,Denver
FDX00617,Philadelphia,13.353941201075552,30.423554424878173,1,2023-12-26 04:03:07.016395,Miami
FDX00618,Dallas,8.24650656977682,45.794687357482594,1,2024-01-26 04:03:07.016402,San Francisco
FDX00619,Dallas,19.985920881482336,37.46691789939462,2,2024-01-21 04:03:07.016409,Denver
FDX00620,Dallas,7.361913425764331,47.20015689202968,1,2024-01-03 04:03:07.016416,New Orleans
FDX00621,Philadelphia,14.567430025219073,65.59293727310062,2,2024-01-11 04:03:07.016424,Minneapolis
FDX00622,New York,12.932862543350462,84.78380191471486,3,2024-01-25 04:03:07.016431,San Francisco
FDX00623,Philadelphia,16.354550333325484,99.53534724109826,2,2024-01-22 04:03:07.016438,Denver
FDX00624,Phoenix,19.53640043734949,111.85706629676417,3,2023-12-18 04:03:07.016445,San Francisco
FDX00625,Philadelphia,17.850976300688036,130.81338496629684,1,2023-12-31 04:03:07.016452,New Orleans
FDX00626,San Antonio,15.408958499975316,142.6906124675749,0,2023-12-25 04:03:07.016459,Atlanta
FDX00627,Dallas,14.115845317456666,103.54277742685437,3,2024-01-14 04:03:07.016467,Seattle
FDX00628,Los Angeles,7.042214308680043,125.44374224013156,1,2023-12-14 04:03:07.016474,San Francisco
FDX00629,Los Angeles,3.3798687750307934,117.36466163096387,1,2023-12-15 04:03:07.016481,Atlanta
FDX00630,Chicago,1.7214020596662905,60.90384470624544,2,2024-01-26 04:03:07.016488,New Orleans
FDX00631,Phoenix,5.217083231928954,129.08307242819075,3,2023-12-02 04:03:07.016496,Minneapolis
FDX00632,Los Angeles,8.929488883035322,29.13157655373586,2,2024-01-26 04:03:07.016503,Boston
FDX00633,Phoenix,10.678927335784659,24.044081250174944,0,2024-01-23 04:03:07.016510,Atlanta
FDX00634,San Antonio,15.575129304069996,56.84791552661571,3,2024-01-27 04:03:07.016521,Denver
FDX00635,Dallas,19.195447999603562,79.45170355529399,3,2023-12-23 04:03:07.016527,Miami
FDX00636,Philadelphia,2.7877493675038147,100.60354740008128,3,2024-01-05 04:03:07.016535,Denver
FDX00637,San Antonio,2.5865807337789355,36.212431985345376,3,2023-12-05 04:03:07.016542,San Francisco
FDX00638,Chicago,11.99904709876424,104.7612160601808,3,2023-12-25 04:03:07.016549,Minneapolis
FDX00639,Chicago,15.035262441972213,120.21790404716334,0,2024-01-26 04:03:07.016556,Las Vegas
FDX00640,San Diego,17.038932416766205,46.237550349524014,3,2024-01-22 04:03:07.016563,New Orleans
FDX00641,San Jose,18.748725564227378,73.81503057981527,1,2024-01-02 04:03:07.016570,Seattle
FDX00642,San Antonio,19.67681172408252,86.39819879439717,2,2023-12-10 04:03:07.016577,San Francisco
FDX00643,Houston,8.296132998378255,78.21684217013768,1,2024-01-27 04:03:07.016584,San Francisco
FDX00644,Houston,7.916536078787676,119.97959170661647,2,2023-12-12 04:03:07.016591,Atlanta
FDX00645,Houston,3.3822691955968116,139.26268777431972,0,2024-01-22 04:03:07.016598,Detroit
FDX00646,Dallas,13.856221554329409,119.87437968098159,2,2024-01-19 04:03:07.016605,Detroit
FDX00647,New York,13.306858189596323,33.35913814509895,3,2023-12-15 04:03:07.016612,Seattle
FDX00648,Phoenix,17.31022061909854,120.59226865909525,2,2023-12-12 04:03:07.016619,Denver
FDX00649,Philadelphia,2.3965308983589924,31.99155986826614,2,2023-12-03 04:03:07.016626,Denver
FDX00650,Houston,10.206649702594165,52.3164462289884,2,2024-01-24 04:03:07.016633,San Francisco
FDX00651,Los Angeles,11.83109762860523,42.37162762028674,1,2023-12-08 04:03:07.016640,Boston
FDX00652,Phoenix,5.2103622807784085,47.70229282153025,3,2023-12-20 04:03:07.016647,San Francisco
FDX00653,Phoenix,3.795995419518645,87.39781524688208,0,2024-01-07 04:03:07.016654,Atlanta
FDX00654,Dallas,17.26182631018262,104.60278291330243,1,2023-12-08 04:03:07.016661,Detroit
FDX00655,San Antonio,1.6414309835933962,80.43855388032492,1,2023-12-17 04:03:07.016668,Boston
FDX00656,Los Angeles,9.677107626402421,139.16347668350923,0,2024-01-28 04:03:07.016675,Seattle
FDX00657,San Diego,2.758763025367263,52.83507840362,1,2024-01-23 04:03:07.016682,New Orleans
FDX00658,San Jose,9.412645845961663,115.57682763057515,1,2024-01-01 04:03:07.016689,Minneapolis
FDX00659,Phoenix,19.609265363675032,128.42186142085782,2,2024-01-24 04:03:07.016696,Las Vegas
FDX00660,Philadelphia,8.76227389238172,91.4479332905663,0,2023-12-20 04:03:07.016702,San Francisco
FDX00661,Chicago,17.213935891339062,78.74670023538637,0,2024-01-19 04:03:07.016709,Minneapolis
FDX00662,Dallas,2.7876535015722808,95.54213361350924,2,2024-01-22 04:03:07.016716,Boston
FDX00663,Los Angeles,5.789415496856351,75.45717241924115,1,2023-12-31 04:03:07.016723,New Orleans
FDX00664,San Diego,8.373958443013024,90.62326587880433,0,2023-12-24 04:03:07.016730,Boston
FDX00665,San Diego,8.296336730181949,74.0320742554562,0,2024-01-11 04:03:07.016737,Atlanta
FDX00666,San Antonio,13.591977834067986,72.05636523529608,3,2023-12-13 04:03:07.016744,Denver
FDX00667,Chicago,7.2220034838224,107.44157617674358,3,2024-01-27 04:03:07.016751,Atlanta
FDX00668,Dallas,14.41845393399532,35.14214556815615,0,2023-12-19 04:03:07.016758,Las Vegas
FDX00669,Houston,12.964144534895153,43.9850487274585,1,2023-12-31 04:03:07.016765,Atlanta
FDX00670,Phoenix,8.283642332468075,126.14381660580048,2,2023-12-28 04:03:07.016772,New Orleans
FDX00671,Houston,8.919322489259226,116.52928161782256,2,2023-12-11 04:03:07.016779,Atlanta
FDX00672,San Diego,12.483290146301254,57.774447275327255,2,2023-12-08 04:03:07.016787,Miami
FDX00673,Phoenix,1.8658227078205702,69.27227191989122,2,2024-01-04 04:03:07.016795,San Francisco
FDX00674,San Jose,16.536931397935962,135.12318079541768,3,2023-12-24 04:03:07.017224,Boston
FDX00675,Houston,13.24171264171592,122.16926702086336,1,2024-01-10 04:03:07.017236,New Orleans
FDX00676,Phoenix,14.663678056147788,97.7215559975557,3,2023-12-28 04:03:07.017244,Denver
FDX00677,Chicago,10.969998521106614,50.57882145635493,2,2023-12-07 04:03:07.017251,San Francisco
FDX00678,Dallas,2.654303664339022,29.31023655783235,0,2024-01-02 04:03:07.017258,New Orleans
FDX00679,Chicago,8.398194459290524,75.75094162102778,1,2024-01-03 04:03:07.017265,Detroit
FDX00680,Chicago,8.404784865546844,104.71525671089543,3,2023-12-04 04:03:07.017275,Detroit
FDX00681,Los Angeles,6.76033830584273,123.41765886214219,0,2023-12-04 04:03:07.017284,Denver
FDX00682,San Jose,1.0840313356426126,126.32268068907233,3,2024-01-01 04:03:07.017291,Seattle
FDX00683,Los Angeles,14.876457730631307,27.933108155203605,1,2023-12-15 04:03:07.017298,Detroit
FDX00684,San Antonio,2.6407969322187634,53.29884406042552,1,2024-01-06 04:03:07.017305,Las Vegas
FDX00685,Houston,12.32300859437916,64.69135061728836,0,2024-01-11 04:03:07.017312,Boston
FDX00686,Philadelphia,14.212741181110708,46.6478653151263,2,2024-01-24 04:03:07.017319,Minneapolis
FDX00687,Philadelphia,12.878333297207048,120.35704540366054,3,2024-01-28 04:03:07.017325,Denver
FDX00688,Phoenix,19.203273913570513,116.0958915701931,1,2024-01-08 04:03:07.017385,Las Vegas
FDX00689,Dallas,2.5143140241602033,86.01996484571649,3,2023-12-26 04:03:07.017394,New Orleans
FDX00690,New York,17.409759602551382,141.95117735950265,3,2024-01-28 04:03:07.017401,Miami
FDX00691,Dallas,1.0692095795538084,41.28702493090107,2,2023-12-31 04:03:07.017408,Denver
FDX00692,New York,10.930878671078137,131.95820439932027,3,2023-12-15 04:03:07.017415,Detroit
FDX00693,San Jose,8.382750549815547,37.97559049942994,0,2023-12-26 04:03:07.017422,New Orleans
FDX00694,San Jose,10.721585277678285,43.581804661694484,1,2024-01-15 04:03:07.017429,Boston
FDX00695,Philadelphia,7.619447602670191,107.54630403007425,1,2023-12-18 04:03:07.017436,Seattle
FDX00696,Dallas,4.216054841331327,37.14836304500272,0,2023-12-30 04:03:07.017443,Boston
FDX00697,Chicago,0.8728965002494506,91.9014114502453,0,2024-01-20 04:03:07.017451,New Orleans
FDX00698,Chicago,10.6039213689279,74.42802437671844,1,2023-12-06 04:03:07.017458,Minneapolis
FDX00699,Houston,16.934148822354427,111.41687586492178,1,2024-01-02 04:03:07.017464,Miami
FDX00700,Dallas,7.777711137023486,132.08102865706383,1,2024-01-22 04:03:07.017471,Detroit
FDX00701,San Antonio,4.845844451292114,116.38458176028664,2,2024-01-17 04:03:07.017693,Denver
FDX00702,Los Angeles,2.0703740677009597,125.9627851705426,3,2023-12-31 04:03:07.017706,Las Vegas
FDX00703,New York,2.1635630008147153,27.953453823747886,3,2023-12-24 04:03:07.017713,New Orleans
FDX00704,San Diego,4.817230702709058,61.22345978930437,3,2023-12-22 04:03:07.017720,New Orleans
FDX00705,San Diego,2.450274187970326,85.85197040235988,1,2024-01-01 04:03:07.017799,San Francisco
FDX00706,Chicago,5.6682741181074,73.91439775557353,2,2023-12-11 04:03:07.017810,San Francisco
FDX00707,Dallas,1.789914511280617,51.75059435756262,2,2024-01-08 04:03:07.017817,Detroit
FDX00708,San Jose,1.77929491059355,60.944891755202796,1,2024-01-06 04:03:07.017824,Atlanta
FDX00709,San Antonio,17.19738550264425,137.4517164469927,3,2023-12-23 04:03:07.017831,Las Vegas
FDX00710,Phoenix,3.661345083822248,59.301705584562185,2,2024-01-09 04:03:07.017838,Seattle
FDX00711,San Diego,11.413806913557236,66.46849322157429,0,2024-01-16 04:03:07.017845,Seattle
FDX00712,San Jose,15.582383116756095,24.445172850002244,0,2023-12-15 04:03:07.019707,Miami
FDX00713,Chicago,9.3999865241118,125.40931527334494,0,2023-12-20 04:03:07.019720,Atlanta
FDX00714,Los Angeles,3.4906931182572416,42.58088440818919,1,2023-12-10 04:03:07.019728,Las Vegas
FDX00715,San Jose,4.39212477134223,48.49731306164713,1,2023-12-19 04:03:07.019736,Denver
FDX00716,Philadelphia,8.943192022483025,54.63174205104307,0,2023-12-06 04:03:07.019743,Minneapolis
FDX00717,Phoenix,10.800564738981448,130.1546468213811,0,2024-01-28 04:03:07.019750,New Orleans
FDX00718,Chicago,7.314085694946431,48.774169349557766,3,2024-01-21 04:03:07.019757,Minneapolis
FDX00719,San Jose,15.738852204575895,119.7031633041528,0,2023-12-02 04:03:07.019765,Denver
FDX00720,San Jose,15.14492215269977,120.96592083874854,0,2023-12-21 04:03:07.019772,Denver
FDX00721,Chicago,18.5806302437758,135.2424682543675,2,2023-12-16 04:03:07.019781,Seattle
FDX00722,Phoenix,1.0645747060257305,37.867357632037674,2,2024-01-20 04:03:07.019788,Atlanta
FDX00723,Phoenix,17.965980178598965,50.073476680539756,0,2023-12-11 04:03:07.019796,Miami
FDX00724,Chicago,8.155091375011946,113.14779504968656,1,2024-01-12 04:03:07.019803,Denver
FDX00725,Los Angeles,17.628263659909884,47.520090513688686,0,2023-12-11 04:03:07.019809,Atlanta
FDX00726,Los Angeles,13.970303135052326,58.35954562481388,2,2024-01-04 04:03:07.019816,Miami
FDX00727,Dallas,19.75330076294238,44.00898961336352,0,2024-01-06 04:03:07.019823,Seattle
FDX00728,Houston,15.306007808475028,44.723602338605914,2,2023-12-03 04:03:07.019831,Miami
FDX00729,Philadelphia,7.6086202069373385,81.78640255538468,0,2023-12-20 04:03:07.019838,New Orleans
FDX00730,New York,10.270731870277666,37.16196745355502,2,2023-12-03 04:03:07.019845,Denver
FDX00731,Chicago,7.839588526289849,62.60371421563467,3,2023-12-09 04:03:07.019852,Miami
FDX00732,Dallas,7.615780802414143,75.19126915186547,2,2024-01-19 04:03:07.019859,Miami
FDX00733,Phoenix,5.587637737930665,26.945773982877313,3,2024-01-03 04:03:07.019866,New Orleans
FDX00734,Chicago,10.171420759782658,70.59997997693432,0,2024-01-16 04:03:07.019873,Miami
FDX00735,Chicago,13.793928928852543,35.29469233026204,3,2023-12-29 04:03:07.019880,Atlanta
FDX00736,Phoenix,5.908135290452249,83.2294237375412,1,2024-01-08 04:03:07.019887,Miami
FDX00737,New York,10.72540631600579,123.08858262685156,1,2023-12-27 04:03:07.019894,Miami
FDX00738,Houston,2.788915736325865,122.21065946181446,3,2023-12-15 04:03:07.019901,San Francisco
FDX00739,San Diego,3.6169830936567307,33.653821864488066,1,2024-01-28 04:03:07.019908,New Orleans
FDX00740,San Diego,1.4127239168876806,96.14733092094242,3,2023-12-28 04:03:07.019915,Denver
FDX00741,Dallas,19.42926313402734,124.15036583654837,2,2023-12-17 04:03:07.019922,Miami
FDX00742,San Antonio,0.5752768544500914,52.55670515215624,0,2023-12-05 04:03:07.022173,Las Vegas
FDX00743,New York,3.982309377124298,115.43118137395189,2,2024-01-23 04:03:07.022227,San Francisco
FDX00744,Chicago,12.45090168578135,130.8917215740112,1,2023-12-26 04:03:07.022238,New Orleans
FDX00745,Los Angeles,2.0867071776394535,120.73489817285329,3,2023-12-30 04:03:07.022245,Las Vegas
FDX00746,San Jose,17.69698181038823,36.87612378186054,3,2023-12-14 04:03:07.022251,Boston
FDX00747,Houston,14.53259307792462,25.087199942686187,3,2024-01-03 04:03:07.022258,Miami
FDX00748,Los Angeles,19.34460444303892,47.006893190621476,1,2023-12-22 04:03:07.022265,New Orleans
FDX00749,Chicago,10.398893171194915,56.457280913594786,3,2023-12-24 04:03:07.022304,Denver
FDX00750,Philadelphia,6.357871821590501,97.94195887391514,1,2024-01-12 04:03:07.022312,Miami
FDX00751,Chicago,11.215261169507793,70.1127810290782,3,2023-12-12 04:03:07.022320,Miami
FDX00752,San Antonio,18.650964987310477,108.40884367937682,0,2024-01-17 04:03:07.022330,Detroit
FDX00753,Dallas,10.65484802621628,66.36899526259303,2,2023-12-08 04:03:07.022338,Denver
FDX00754,Chicago,5.710537121315213,42.531050958552036,0,2023-12-13 04:03:07.022346,Denver
FDX00755,Philadelphia,17.60927638889533,61.52278121832421,0,2023-12-08 04:03:07.022381,Miami
FDX00756,Dallas,7.7524155959929955,130.1189071666962,3,2023-12-21 04:03:07.022392,Seattle
FDX00757,San Jose,0.5269753249804832,139.02388130940778,2,2023-12-12 04:03:07.022400,Detroit
FDX00758,Houston,5.329857938600161,48.90152808808422,1,2023-12-12 04:03:07.022408,Detroit
FDX00759,Dallas,6.705553428952717,118.61620644293296,1,2023-12-05 04:03:07.022416,Minneapolis
FDX00760,San Antonio,17.24616063052209,56.801848384784485,1,2024-01-04 04:03:07.022424,Boston
FDX00761,Philadelphia,9.440811757795677,130.4557852117689,1,2024-01-29 04:03:07.022431,Detroit
FDX00762,Philadelphia,9.169452112320364,43.865473535550656,2,2023-12-22 04:03:07.022467,Las Vegas
FDX00763,Dallas,7.053994194797804,103.91519024328683,2,2023-12-30 04:03:07.022478,Atlanta
FDX00764,Dallas,17.673223399418053,34.1053517655819,1,2023-12-19 04:03:07.022485,Miami
FDX00765,Chicago,18.928022150337632,140.86719887686434,1,2023-12-13 04:03:07.022493,Las Vegas
FDX00766,San Jose,19.841861418515272,108.07600135686513,1,2023-12-24 04:03:07.022501,San Francisco
FDX00767,San Jose,7.846454705739242,125.01788872861023,3,2023-12-22 04:03:07.022508,San Francisco
FDX00768,New York,19.33987518972984,92.00032072356414,0,2024-01-01 04:03:07.022517,New Orleans
FDX00769,New York,15.941651607802577,81.21616367146322,0,2023-12-18 04:03:07.022585,New Orleans
FDX00770,San Antonio,13.675938379063203,98.62588696732381,3,2024-01-06 04:03:07.022595,Miami
FDX00771,New York,5.2753448486919385,87.44898140393377,1,2024-01-14 04:03:07.022603,Minneapolis
FDX00772,San Diego,4.720916588412091,80.32612261741835,2,2023-12-22 04:03:07.022647,Seattle
FDX00773,Chicago,3.7379325781642905,115.13403017491713,2,2023-12-22 04:03:07.022656,Miami
FDX00774,Chicago,18.493753899394626,45.38411459271218,3,2024-01-07 04:03:07.022663,Detroit
FDX00775,Houston,6.234494916471739,44.54064577861902,0,2023-12-12 04:03:07.022676,Minneapolis
FDX00776,San Jose,9.33533778625313,75.82111807796474,0,2024-01-22 04:03:07.022685,New Orleans
FDX00777,Philadelphia,10.132177762750858,62.489749925393525,3,2023-12-23 04:03:07.022717,Atlanta
FDX00778,San Antonio,15.674346111279956,32.894942149562894,2,2023-12-10 04:03:07.022732,Atlanta
FDX00779,Dallas,16.96258175028397,125.33645909024813,3,2024-01-27 04:03:07.022739,Seattle
FDX00780,San Jose,3.21191767239795,116.59233680332197,2,2024-01-16 04:03:07.022746,Las Vegas
FDX00781,San Jose,8.824635024115937,89.27057997635818,0,2024-01-09 04:03:07.022753,New Orleans
FDX00782,San Jose,16.935670312791416,141.5189444717243,1,2023-12-14 04:03:07.022760,New Orleans
FDX00783,Dallas,16.451649462238848,32.71200798571264,1,2023-12-31 04:03:07.022767,Miami
FDX00784,San Jose,2.4970682898221197,116.000316123345,1,2023-12-28 04:03:07.022774,Miami
FDX00785,San Antonio,3.549475302925279,55.96444699309161,2,2023-12-08 04:03:07.022806,New Orleans
FDX00786,Los Angeles,6.431874486188453,68.23187039322906,2,2023-12-05 04:03:07.022817,Denver
FDX00787,San Jose,1.9695018471251364,50.313526224368104,2,2024-01-10 04:03:07.022824,Seattle
FDX00788,Phoenix,8.780928555391561,118.68454697542383,1,2023-12-16 04:03:07.022831,Minneapolis
FDX00789,Phoenix,2.5985452504168474,41.30881224258792,1,2023-12-16 04:03:07.022838,Seattle
FDX00790,San Antonio,11.580243076561977,124.80200372823336,2,2023-12-04 04:03:07.022844,Detroit
FDX00791,New York,5.307860326317544,103.38931778758007,1,2024-01-07 04:03:07.022851,Atlanta
FDX00792,Los Angeles,12.130444774317644,31.08278943229377,3,2024-01-07 04:03:07.022858,Boston
FDX00793,San Antonio,2.7917500366209342,121.31780779201841,1,2023-12-16 04:03:07.022894,Miami
FDX00794,Phoenix,19.5297354341614,99.33068593955753,1,2023-12-23 04:03:07.022904,Las Vegas
FDX00795,Houston,18.684943475218137,132.597878349401,2,2023-12-26 04:03:07.022912,Denver
FDX00796,Los Angeles,8.140040302010984,113.84667676903659,2,2023-12-06 04:03:07.022918,New Orleans
FDX00797,Chicago,5.222482585458666,91.33451129157298,1,2023-12-22 04:03:07.022925,Miami
FDX00798,San Antonio,5.382765150644669,124.38566167430373,0,2024-01-08 04:03:07.022932,San Francisco
FDX00799,Phoenix,9.926173936446645,57.366028596146656,2,2024-01-01 04:03:07.022939,New Orleans
FDX00800,New York,1.2798596370639808,89.63400742134763,3,2023-12-12 04:03:07.022976,Boston
FDX00801,Houston,12.974249568464977,59.23401837640922,0,2023-12-26 04:03:07.022990,Las Vegas
FDX00802,San Antonio,8.461906712625023,140.18452693086104,2,2024-01-28 04:03:07.022997,Detroit
FDX00803,Philadelphia,7.859428165483303,51.143556101040765,1,2023-12-06 04:03:07.023005,Seattle
FDX00804,San Antonio,16.28261694403937,25.8885887604555,2,2023-12-15 04:03:07.023013,Boston
FDX00805,Philadelphia,14.326191473574156,63.10258104045555,1,2023-12-14 04:03:07.023021,Denver
FDX00806,Chicago,19.109509400157496,84.30112763637656,2,2024-01-12 04:03:07.023028,Miami
FDX00807,Phoenix,7.362756689665969,27.40355210760901,3,2023-12-08 04:03:07.023052,Boston
FDX00808,Los Angeles,18.00208391066341,91.10979600406888,3,2023-12-26 04:03:07.023066,New Orleans
FDX00809,San Antonio,15.514360131876733,128.91393299414761,3,2023-12-17 04:03:07.023074,New Orleans
FDX00810,Philadelphia,7.469780706096905,108.56786333000042,2,2024-01-16 04:03:07.023082,Atlanta
FDX00811,Houston,12.622476010838527,98.75619875739652,1,2024-01-12 04:03:07.023089,Boston
FDX00812,San Jose,6.127114174208064,138.71541008499014,0,2023-12-29 04:03:07.023096,Boston
FDX00813,San Jose,17.550798382959425,138.99352006105272,2,2024-01-08 04:03:07.023165,Atlanta
FDX00814,Dallas,2.6923326856400696,122.91197636438743,3,2023-12-26 04:03:07.023173,Miami
FDX00815,San Jose,4.6424700452338,96.92902168630212,1,2023-12-15 04:03:07.023181,Seattle
FDX00816,Phoenix,4.069149195558462,82.5317471397248,3,2024-01-28 04:03:07.023189,Seattle
FDX00817,Houston,8.35900704688363,25.597933589576076,2,2024-01-24 04:03:07.023197,Seattle
FDX00818,San Antonio,15.032042720626517,96.75142874718497,3,2023-12-13 04:03:07.023205,Detroit
FDX00819,Los Angeles,10.774695256517516,142.69056904282246,1,2023-12-10 04:03:07.023212,Denver
FDX00820,San Antonio,10.009688308995047,122.17212600288347,3,2023-12-22 04:03:07.023248,Denver
FDX00821,Phoenix,0.5106463154914153,64.87255726612224,1,2023-12-29 04:03:07.023261,Denver
FDX00822,Houston,8.795333644423566,42.24564300533064,3,2024-01-01 04:03:07.023269,Las Vegas
FDX00823,San Jose,1.7392986093050893,118.08703373605849,0,2023-12-22 04:03:07.023276,Minneapolis
FDX00824,San Antonio,4.560938416368934,113.27253847580899,1,2023-12-02 04:03:07.023284,Minneapolis
FDX00825,Phoenix,18.68168180972964,140.04561503751876,0,2023-12-10 04:03:07.023292,Denver
FDX00826,Houston,4.700264984693145,128.98108343272065,0,2023-12-12 04:03:07.023319,Boston
FDX00827,Phoenix,17.23758395336812,90.67951503268888,2,2024-01-25 04:03:07.023334,Las Vegas
FDX00828,San Diego,16.156420745446017,36.15410963576906,2,2023-12-23 04:03:07.023341,Detroit
FDX00829,Los Angeles,3.6033516203737355,82.0200790060752,3,2024-01-22 04:03:07.023348,Boston
FDX00830,San Antonio,12.311383166770437,61.64340648267804,1,2024-01-26 04:03:07.023355,Miami
FDX00831,New York,2.7554065021477596,85.48901784298077,2,2023-12-06 04:03:07.023364,San Francisco
FDX00832,San Antonio,14.693819088205474,60.20418895675839,3,2024-01-08 04:03:07.023372,Atlanta
FDX00833,San Antonio,12.930514408758029,127.4187590370715,1,2024-01-08 04:03:07.023406,Atlanta
FDX00834,Chicago,16.332801952974876,125.31924167793866,0,2023-12-03 04:03:07.023420,Atlanta
FDX00835,Los Angeles,9.847998713089167,61.85581886004671,1,2024-01-03 04:03:07.023428,Miami
FDX00836,Los Angeles,18.339830212750964,95.9497615648794,1,2024-01-27 04:03:07.023435,Detroit
FDX00837,Chicago,1.4623044623745742,75.6217029166865,3,2024-01-01 04:03:07.023442,Minneapolis
FDX00838,Houston,6.211327018026786,133.09113084342758,3,2023-12-13 04:03:07.023449,Las Vegas
FDX00839,New York,14.443525650570757,46.48330817115873,2,2023-12-28 04:03:07.023456,Detroit
FDX00840,Los Angeles,8.653129629086017,107.72740821419512,0,2023-12-23 04:03:07.023463,Detroit
FDX00841,New York,3.872551408287549,140.445039340466,0,2023-12-27 04:03:07.023501,Boston
FDX00842,Los Angeles,2.5906095358566477,45.03306234757082,3,2023-12-25 04:03:07.023510,Las Vegas
FDX00843,Houston,16.438112673501617,48.235971410904384,2,2023-12-02 04:03:07.023517,Seattle
FDX00844,Houston,9.726288080080062,107.24680064066735,1,2023-12-28 04:03:07.023524,Atlanta
FDX00845,San Diego,17.704531602422595,117.49847094298967,2,2023-12-21 04:03:07.023532,Miami
FDX00846,Los Angeles,14.799138119176158,82.86588657527193,3,2024-01-12 04:03:07.023539,Atlanta
FDX00847,Dallas,8.4896610097995,97.16237581765456,3,2024-01-20 04:03:07.023547,San Francisco
FDX00848,Phoenix,7.7834647760358315,49.52188905741945,1,2023-12-25 04:03:07.023584,Las Vegas
FDX00849,Philadelphia,10.55494775969941,81.19370742807912,0,2023-12-16 04:03:07.023594,Atlanta
FDX00850,San Jose,17.83666908719971,37.44862570498982,2,2024-01-07 04:03:07.023602,Seattle
FDX00851,Dallas,14.876932304426274,62.57063103307976,3,2024-01-24 04:03:07.023609,Las Vegas
FDX00852,Los Angeles,0.600482803245953,58.17356460371452,1,2024-01-07 04:03:07.023617,Denver
FDX00853,San Jose,14.036078101697948,77.35504321229041,2,2024-01-20 04:03:07.023625,Denver
FDX00854,Los Angeles,18.4303944346635,135.6151634692436,1,2023-12-06 04:03:07.023632,Atlanta
FDX00855,Houston,14.353887310337585,45.75211945774109,1,2024-01-28 04:03:07.023669,Denver
FDX00856,Houston,3.95161274056617,72.16658959496647,1,2023-12-17 04:03:07.023678,Las Vegas
FDX00857,Phoenix,9.928603484835445,97.87166629315736,1,2024-01-24 04:03:07.023685,Minneapolis
FDX00858,San Jose,3.2361623495066785,137.5868503288802,1,2023-12-18 04:03:07.023691,Boston
FDX00859,San Jose,7.500407927622826,39.97778298429218,0,2024-01-25 04:03:07.023698,Minneapolis
FDX00860,Los Angeles,18.773782317840094,134.14519403917362,2,2024-01-22 04:03:07.023705,Las Vegas
FDX00861,Phoenix,18.504453497394813,33.72645463608738,3,2023-12-06 04:03:07.023712,Seattle
FDX00862,San Diego,6.015318617433617,81.68896765923174,0,2024-01-10 04:03:07.023741,San Francisco
FDX00863,San Jose,7.122805361240884,78.55078406765793,0,2023-12-10 04:03:07.023759,Boston
FDX00864,Philadelphia,12.204150928560232,49.15232746526347,0,2023-12-09 04:03:07.023766,New Orleans
FDX00865,Dallas,19.28234725757741,65.6951601739017,1,2023-12-22 04:03:07.023774,Seattle
FDX00866,Philadelphia,3.382126014275113,78.49983220180778,3,2023-12-07 04:03:07.023782,New Orleans
FDX00867,Houston,5.509874551890047,127.8253755492755,3,2023-12-05 04:03:07.023789,Boston
FDX00868,Philadelphia,17.534358132170045,138.60769744482718,0,2024-01-16 04:03:07.023797,Seattle
FDX00869,Houston,10.091898518312718,86.27108143645982,0,2024-01-18 04:03:07.023891,Denver
FDX00870,Philadelphia,18.02974129842712,128.41197483533062,3,2024-01-06 04:03:07.023904,New Orleans
FDX00871,Philadelphia,4.117599001701937,96.98059028121354,3,2023-12-22 04:03:07.023913,Denver
FDX00872,San Jose,10.887037455691534,65.89048103852105,2,2023-12-06 04:03:07.023921,Seattle
FDX00873,San Diego,6.862257836662761,47.30330491361629,3,2023-12-07 04:03:07.023957,San Francisco
FDX00874,San Jose,6.672579917903283,73.57617261393177,1,2024-01-18 04:03:07.023972,Denver
FDX00875,San Antonio,9.214100796950882,86.73891395086173,1,2023-12-20 04:03:07.023987,Boston
FDX00876,Los Angeles,8.945010257474735,29.33320659114674,3,2023-12-07 04:03:07.023995,Boston
FDX00877,San Antonio,7.468264153720111,41.50093990450209,2,2023-12-29 04:03:07.024002,New Orleans
FDX00878,New York,18.341930021154564,96.0221308777728,1,2024-01-26 04:03:07.024011,Minneapolis
FDX00879,Los Angeles,14.769011615941409,51.00019136125945,2,2023-12-05 04:03:07.024039,Detroit
FDX00880,San Jose,14.687166330964828,124.4791651297557,3,2024-01-27 04:03:07.024052,Las Vegas
FDX00881,San Antonio,6.15331226704313,63.233069972902875,0,2024-01-22 04:03:07.024060,Atlanta
FDX00882,San Diego,11.765333774178387,36.5801048703901,2,2024-01-27 04:03:07.024068,Seattle
FDX00883,San Antonio,15.693998949385763,34.023670626638044,1,2024-01-04 04:03:07.024076,Detroit
FDX00884,Philadelphia,16.014012186592655,136.45476246381355,1,2023-12-14 04:03:07.024083,Denver
FDX00885,San Diego,7.218343984709089,38.1624373490255,0,2024-01-24 04:03:07.024090,New Orleans
FDX00886,New York,15.532018753088632,40.9091716994472,2,2024-01-13 04:03:07.024099,Atlanta
FDX00887,Phoenix,14.849930987750794,127.51992695193036,1,2023-12-10 04:03:07.024136,Miami
FDX00888,Houston,3.259376469627055,54.51457563328128,0,2024-01-21 04:03:07.024145,New Orleans
FDX00889,Philadelphia,17.385936637046306,103.91416929052993,0,2024-01-12 04:03:07.024153,Denver
FDX00890,San Jose,9.10576866851801,122.00708244358697,0,2023-12-04 04:03:07.024160,Las Vegas
FDX00891,San Diego,9.985003753328977,96.86167681562306,1,2023-12-10 04:03:07.024167,Minneapolis
FDX00892,Los Angeles,9.243198988510947,138.89862521374192,0,2024-01-01 04:03:07.024174,Minneapolis
FDX00893,Phoenix,11.572997028811397,109.06594791130097,2,2024-01-15 04:03:07.024181,Detroit
FDX00894,Chicago,12.612800323657567,37.530181188439,1,2023-12-04 04:03:07.024247,Las Vegas
FDX00895,New York,10.214501532377398,91.00920318550558,1,2024-01-23 04:03:07.024257,Atlanta
FDX00896,San Antonio,17.402376593552365,110.18238313070206,2,2024-01-16 04:03:07.024265,Seattle
FDX00897,New York,12.740827745808046,120.23486884481342,1,2023-12-04 04:03:07.024295,Denver
FDX00898,Philadelphia,8.32784501145764,27.158560234090984,0,2024-01-01 04:03:07.024306,New Orleans
FDX00899,Philadelphia,8.625489259719863,110.26546983257093,3,2024-01-26 04:03:07.024314,Detroit
FDX00900,Philadelphia,16.311352995014552,123.08169852233394,1,2023-12-16 04:03:07.024321,Minneapolis
FDX00901,San Antonio,7.289742883557142,113.62005731224278,2,2023-12-22 04:03:07.024329,San Francisco
FDX00902,Chicago,4.623368517757064,85.48189747867177,3,2023-12-13 04:03:07.024337,Seattle
FDX00903,San Jose,1.6579721661128901,78.96251557065635,3,2024-01-25 04:03:07.024344,San Francisco
FDX00904,Dallas,17.582523534451198,89.9302299959779,0,2024-01-29 04:03:07.024353,Atlanta
FDX00905,Philadelphia,18.411655798211825,108.55724385919224,1,2024-01-18 04:03:07.024391,Denver
FDX00906,San Diego,2.8423435521877813,134.74971487589823,0,2023-12-22 04:03:07.024399,Denver
FDX00907,New York,7.02223795917424,98.044225276935,0,2024-01-23 04:03:07.024405,Denver
FDX00908,Houston,3.9197553555472555,130.54011675401637,0,2023-12-09 04:03:07.024412,Atlanta
FDX00909,San Diego,2.7600201421046546,108.15082169348729,3,2024-01-09 04:03:07.024419,Detroit
FDX00910,Houston,18.04740148850059,32.20036529266171,1,2023-12-04 04:03:07.024427,Boston
FDX00911,San Antonio,1.6091065533344315,84.09938280019462,1,2024-01-23 04:03:07.024435,Boston
FDX00912,San Diego,19.61947043764563,58.37836179782908,3,2024-01-13 04:03:07.024472,Denver
FDX00913,Dallas,2.3807917835989914,58.220991375908675,3,2024-01-29 04:03:07.024482,Minneapolis
FDX00914,Houston,17.33767765927492,66.7113061459181,2,2024-01-26 04:03:07.024489,New Orleans
FDX00915,Los Angeles,11.546869086288673,61.7679326400571,1,2024-01-24 04:03:07.024496,New Orleans
FDX00916,San Antonio,7.674391012448531,93.43319761405202,3,2023-12-13 04:03:07.024502,San Francisco
FDX00917,New York,7.175676344190578,106.03218004242684,2,2023-12-21 04:03:07.024509,Denver
FDX00918,Philadelphia,15.26860079313532,56.24992644920825,1,2024-01-13 04:03:07.024516,Minneapolis
FDX00919,San Jose,6.634179252583601,39.57151470820576,2,2024-01-04 04:03:07.024549,San Francisco
FDX00920,San Diego,13.317718874034265,31.05704651213545,0,2023-12-03 04:03:07.024561,Detroit
FDX00921,New York,10.587858628563563,93.09034140366627,0,2023-12-30 04:03:07.024570,Boston
FDX00922,San Antonio,9.956830080582375,46.33561995996028,2,2024-01-02 04:03:07.024578,San Francisco
FDX00923,Chicago,18.07266232765865,25.109759306843927,2,2024-01-18 04:03:07.024585,Seattle
FDX00924,Houston,11.315578643095062,135.3303695188445,3,2023-12-20 04:03:07.024593,Boston
FDX00925,Los Angeles,16.62380125944955,88.45685028998888,0,2024-01-29 04:03:07.024600,Atlanta
FDX00926,Houston,14.648683914979044,35.09378162963673,3,2023-12-27 04:03:07.024632,Detroit
FDX00927,Los Angeles,1.2518662981504678,125.15053345529824,1,2024-01-04 04:03:07.024646,Detroit
FDX00928,San Diego,15.575646023855674,141.98432859481417,3,2023-12-08 04:03:07.024653,Minneapolis
FDX00929,Phoenix,4.728969876775293,77.83207944212606,2,2024-01-15 04:03:07.024661,Denver
FDX00930,San Antonio,18.111418113605644,29.09875298857898,2,2023-12-12 04:03:07.024669,Boston
FDX00931,Phoenix,1.3370217168722243,38.105512890727624,0,2023-12-26 04:03:07.024676,Minneapolis
FDX00932,San Antonio,6.994904672249216,69.79844959745186,3,2023-12-08 04:03:07.024684,Miami
FDX00933,New York,2.444792471077703,130.26271649386524,2,2023-12-20 04:03:07.024718,Miami
FDX00934,Los Angeles,9.773987783154453,41.76464151333144,0,2023-12-10 04:03:07.024729,Seattle
FDX00935,San Diego,16.490437499460157,122.87881128032346,2,2023-12-10 04:03:07.024736,Seattle
FDX00936,Houston,6.31465351342975,25.79715122628233,2,2023-12-17 04:03:07.024744,Minneapolis
FDX00937,Dallas,3.443230497565311,78.88664385429732,2,2023-12-05 04:03:07.024752,New Orleans
FDX00938,Phoenix,6.940207196089534,101.32765691406817,3,2023-12-22 04:03:07.024760,Atlanta
FDX00939,San Jose,16.3706627674524,31.245537843071567,2,2024-01-10 04:03:07.024767,San Francisco
FDX00940,Los Angeles,3.2374871770872637,97.7715300739784,1,2023-12-18 04:03:07.024796,Las Vegas
FDX00941,San Diego,4.933567757011285,137.3284945763467,3,2023-12-26 04:03:07.024809,Detroit
FDX00942,San Diego,1.8426133076207918,43.23119041639141,1,2023-12-22 04:03:07.024817,Boston
FDX00943,New York,14.26134585779735,111.55336596424233,0,2024-01-08 04:03:07.024824,Boston
FDX00944,San Jose,8.207048248958568,97.09126775322521,3,2024-01-09 04:03:07.024831,Detroit
FDX00945,Houston,6.561379554294662,46.21396666550767,0,2024-01-03 04:03:07.024838,Las Vegas
FDX00946,San Jose,14.513214611652463,24.744409765123923,1,2023-12-25 04:03:07.024846,Boston
FDX00947,Dallas,7.051562075634977,25.11413406071125,3,2024-01-02 04:03:07.024853,New Orleans
FDX00948,Phoenix,14.69153982768115,87.85108910064343,1,2024-01-26 04:03:07.024888,Miami
FDX00949,New York,16.396388208629112,137.1335291473432,2,2024-01-04 04:03:07.024899,Las Vegas
FDX00950,San Jose,4.7444254474258996,101.31583529587348,3,2024-01-22 04:03:07.024906,Atlanta
FDX00951,Dallas,19.489464588496674,109.71598155524924,2,2024-01-25 04:03:07.024914,Atlanta
FDX00952,San Jose,3.6659799842970022,83.26385843046445,1,2024-01-25 04:03:07.024921,Denver
FDX00953,Los Angeles,6.17139767980648,93.82667311614837,0,2023-12-07 04:03:07.024929,Atlanta
FDX00954,Houston,4.006008171254061,39.16410303967241,3,2024-01-20 04:03:07.024935,Detroit
FDX00955,Los Angeles,7.237360298948522,129.2184744480757,1,2024-01-25 04:03:07.024965,Minneapolis
FDX00956,Houston,9.861187312504734,115.29511544001622,1,2023-12-27 04:03:07.024978,Boston
FDX00957,Philadelphia,10.682429445541322,143.78387434135317,3,2023-12-11 04:03:07.024985,Seattle
FDX00958,Philadelphia,17.145317824777305,59.72675370667456,3,2024-01-19 04:03:07.024992,Atlanta
FDX00959,Chicago,17.8442342219094,51.24213261552694,2,2024-01-06 04:03:07.024999,New Orleans
FDX00960,San Antonio,4.792025285227674,39.019398955361154,1,2023-12-03 04:03:07.025006,Atlanta
FDX00961,Dallas,12.646433627622173,139.7051707939254,0,2023-12-12 04:03:07.025013,Las Vegas
FDX00962,Chicago,2.674173117324954,117.70622215536284,3,2023-12-28 04:03:07.025020,Boston
FDX00963,Dallas,9.449912273550332,43.95895364635665,2,2024-01-16 04:03:07.025050,Detroit
FDX00964,Philadelphia,6.785503991909054,90.32237653298567,0,2024-01-08 04:03:07.025063,Minneapolis
FDX00965,Phoenix,6.671764536345325,73.65218496807321,0,2024-01-01 04:03:07.025072,Seattle
FDX00966,San Jose,9.91039271338597,42.178320936743134,3,2024-01-06 04:03:07.025079,Miami
FDX00967,San Antonio,14.731638892820717,43.44875820359586,3,2023-12-12 04:03:07.025085,Atlanta
FDX00968,San Diego,1.849061846451595,139.61639936942228,0,2024-01-24 04:03:07.025093,Minneapolis
FDX00969,Houston,17.64388008490439,60.59570195492667,0,2024-01-27 04:03:07.025100,New Orleans
FDX00970,Los Angeles,14.828868605295941,136.9727150020732,3,2024-01-29 04:03:07.025106,San Francisco
FDX00971,Los Angeles,3.9417380833366726,33.07328076781013,3,2024-01-20 04:03:07.025142,Las Vegas
FDX00972,Houston,18.813637727203723,79.29636507518288,1,2024-01-22 04:03:07.025151,Boston
FDX00973,Philadelphia,10.373088368456077,39.55428582201121,2,2023-12-31 04:03:07.025158,Boston
FDX00974,San Antonio,19.996267273280825,24.57448622894066,1,2024-01-08 04:03:07.025165,Miami
FDX00975,New York,4.346559748864384,90.45192884472918,3,2024-01-13 04:03:07.025172,Minneapolis
FDX00976,Los Angeles,10.930709868472427,37.66729257736361,3,2024-01-15 04:03:07.025179,Minneapolis
FDX00977,Houston,6.159836829918604,110.64294371204156,3,2024-01-10 04:03:07.025186,Boston
FDX00978,Los Angeles,6.431384369090308,107.77396508482795,1,2023-12-23 04:03:07.025215,Atlanta
FDX00979,Philadelphia,12.025774926262809,45.159948895738694,3,2024-01-03 04:03:07.025228,Miami
FDX00980,Los Angeles,18.47352180398125,137.00905719186198,0,2024-01-17 04:03:07.025235,Detroit
FDX00981,New York,16.202645183793912,110.52520901189875,0,2024-01-14 04:03:07.025243,Detroit
FDX00982,Phoenix,14.616857270775855,59.75643169883159,0,2024-01-10 04:03:07.025250,Atlanta
FDX00983,Phoenix,11.403888750983192,109.10805167409488,3,2024-01-11 04:03:07.025257,New Orleans
FDX00984,New York,18.484820821515232,111.83163332178431,1,2023-12-18 04:03:07.025264,Atlanta
FDX00985,New York,10.10104743047224,65.06715975011527,2,2024-01-27 04:03:07.025271,Denver
FDX00986,San Jose,17.539727477527006,69.0706274953751,1,2024-01-13 04:03:07.025315,Detroit
FDX00987,Dallas,16.76264205559432,67.09278091839602,0,2023-12-04 04:03:07.025326,New Orleans
FDX00988,Phoenix,4.669789262630938,97.99421322624889,0,2024-01-18 04:03:07.025333,Miami
FDX00989,San Jose,15.538896527835249,132.04921758482152,2,2023-12-25 04:03:07.025340,Minneapolis
FDX00990,San Diego,0.7373375603935459,44.78318834743051,1,2024-01-20 04:03:07.025348,Miami
FDX00991,San Antonio,6.795175982187707,129.0239531803582,2,2023-12-03 04:03:07.025410,Detroit
FDX00992,Houston,4.976565171493021,27.3183787806411,1,2024-01-20 04:03:07.025428,Seattle
FDX00993,Chicago,10.383827690502612,103.24063151738669,0,2023-12-30 04:03:07.025436,New Orleans
FDX00994,Philadelphia,14.868636652775317,73.7326647827633,0,2024-01-07 04:03:07.025444,Boston
FDX00995,San Diego,2.4046891652306206,118.95378626789925,1,2023-12-18 04:03:07.025489,Denver
FDX00996,San Jose,10.540982937766984,110.54377355170836,2,2024-01-09 04:03:07.025498,Boston
FDX00997,New York,18.79903442304052,81.61293685742208,3,2023-12-19 04:03:07.025507,Atlanta
FDX00998,Houston,4.958607744167438,101.2636844067116,1,2024-01-10 04:03:07.025515,San Francisco
FDX00999,Los Angeles,13.70425231017277,84.21277568399343,3,2024-01-25 04:03:07.025522,Denver
